basin_id,p_mean,pet_mean,aridity,p_seasonality,frac_snow,high_prec_freq,high_prec_dur,low_prec_freq,low_prec_dur,elev_mean,slope_mean,area_gages2,frac_forest,lai_max,lai_diff,gvf_max,gvf_diff,soil_depth_pelletier,soil_depth_statsgo,soil_porosity,soil_conductivity,max_water_content,sand_frac,silt_frac,clay_frac,carbonate_rocks_frac,geol_permeability,std,label
1013500,3.12667898699521,1.97155451060917,0.63055865946247,0.187940258706929,0.313440357191799,12.95,1.34895833333333,202.2,3.4271186440678,250.31,21.64152,2252.7,0.9063,4.1673039455613,3.34073185949204,0.804567420071824,0.37164816263051,7.40476190476191,1.24840792462702,0.461148751156712,1.10652247617283,0.558054827184396,27.8418272885233,55.1569400320784,16.2757317233653,0.0,-14.7019,1.3190777140087517,0.01677409765235771
1030500,3.2744052019165,2.04359356605065,0.624111385131731,0.0473581892739792,0.27701840295357,17.15,1.20774647887324,215.6,3.51426242868786,143.8,12.79195,3676.17,0.8782,4.68519971859885,3.66554296378545,0.858502041122509,0.35139338964903,19.0114143920596,1.46136319457164,0.459090984473127,1.28980734614748,0.653019780703995,32.2354584281651,51.7791822486715,14.7768237774889,0.0521400935487284,-14.4918,1.4120471134014851,0.01042377809617201
1144000,3.42085968514716,2.15774034223135,0.630759674709817,0.191150163759349,0.248466348504845,19.05,1.13392857142857,225.15,3.3159057437408,459.8,60.29261,1790.24,0.9813,5.16403445079923,4.4950812735625,0.89722156778609,0.492946826571639,2.10679945054945,1.34878670352828,0.436028932200058,1.87662441419059,0.566679605826184,44.9595193026269,41.2575310065033,13.0823952320539,0.323706719607693,-13.3802,1.5585469517373454,0.007843200310164833
1543500,3.40892950034223,2.2839264476386,0.669983479391203,0.17043837870638,0.181653610941671,17.1,1.0926517571885,210.65,3.02223816355811,547.44,31.28232,1778.26,0.9878,5.1234237427107,4.57016349068812,0.894548372499437,0.524107205458267,1.02002145155524,1.45589777697631,0.448123662955262,1.35318826389979,0.635270958656151,35.5933999168277,47.2992408538476,17.1181328725411,0.0,-14.3537,1.4041294668767674,0.00028768650234056725
1548500,3.15334565366188,2.27178221765914,0.720435520609989,0.179163892505052,0.202088630482319,18.1,1.12074303405573,221.0,3.17757009345794,546.71,39.14167,1557.05,0.9866,4.78009863302879,4.23528190042025,0.876758810038773,0.508506796279639,1.02956662616444,1.33911099166599,0.455161394937659,1.22172520254708,0.571262014211426,29.4829323471052,50.4513237517423,14.6721930313455,0.0,-14.8083,1.2987793718810998,0.007030400517576418
1552000,3.47699794661191,2.31166417522245,0.664844849124805,0.153983558785624,0.17305912288721,18.55,1.17034700315457,224.9,3.40757575757576,461.43,37.27533,1129.49,0.9911,4.96915477942079,4.3762242388389,0.885104673046246,0.486873809555214,3.89556428972487,1.45498701460431,0.45126146279684,1.33282134068244,0.628217324546618,33.4436347776731,50.0495184257044,15.4181241654977,0.0,-14.4365,1.2482867947494747,0.013067590383536776
1606500,3.36347707049966,2.49905597535934,0.742997773725896,0.0995538398003471,0.148750518921295,17.0,1.19298245614035,214.95,3.39841897233202,836.38,75.86214,1684.55,0.9336,4.7781702164762,4.19856691409865,0.868890746256199,0.489592692963541,0.950409996095275,0.943515069981119,0.445370004171872,1.36167458773623,0.388659076594702,36.4816877061335,42.4483707789323,16.6809577710109,0.218157715931334,-14.1648,1.2445219088900772,-0.03424644829193091
1664000,3.14902806297057,2.57200380561259,0.816761157468489,0.174188172204434,0.0827964257846037,22.25,1.2027027027027,255.55,4.45209059233449,216.1,30.32647,1605.1,0.7519,4.43835402647343,3.83843969675652,0.854354475631049,0.473973206074874,1.04997934737712,1.30429777832438,0.445798410326273,1.20194558032513,0.572554862649007,36.1754662003161,42.739264347264,21.1687234304842,0.0005262202397876,-13.969,1.3386448321283344,0.013578504718574469
1667500,3.20798220396988,2.68815648186174,0.837958664027232,0.178906478344439,0.0788117934771709,21.9,1.23033707865169,255.3,4.46328671328671,193.47,23.44026,1209.75,0.8033,4.11269399385096,3.4665615831167,0.83288555369401,0.443615626785547,1.06703296703297,1.30094356609608,0.451875619542419,1.03923725680094,0.563297926546245,30.7700365064613,44.5450379289049,21.8030801411582,0.0018122148538136,-14.1348,1.2092139824576085,-0.10373615701214267
2016000,3.14481451060917,2.57381968514716,0.818432908034564,0.100530522771781,0.102077363429123,21.55,1.21067415730337,243.8,4.07692307692308,645.04,66.42056,1194.55,0.9317,5.08865611310359,4.38544116609582,0.883890083471318,0.459359315461342,1.01385809312639,0.884824261732569,0.437259278365103,1.64019378630426,0.379562056400789,43.3410444685166,39.8783493312,16.7471310529829,0.0003093706079916,-15.2353,1.1807965457824006,0.003218471459114469
2051500,3.19027378507871,2.9769690349076,0.933139045567573,0.120039306078787,0.0525514965704711,23.25,1.15960099750623,260.85,4.61273209549072,113.4,6.85615,1428.71,0.9081,4.9075760119925,3.67203923667903,0.854645475160068,0.32552022781499,1.09669811320755,1.50000001490116,0.451511688872732,0.730584077248267,0.671515641963934,27.7843375984398,22.0416443910621,37.9312209121119,0.0,-14.0727,1.3585823169369613,0.04567124319334226
2108000,3.81036824093087,3.20783753593429,0.841870741382891,0.275438917371904,0.0092819261110396,21.2,1.2887537993921,261.05,4.77239488117002,31.61,3.14028,1569.48,0.4232,2.63702849759526,1.98228425819537,0.718475186580843,0.315517396733031,29.437527593819,1.50000001490115,0.409908982925787,2.97238423822289,0.599144559153631,62.1613410504535,18.7036986740296,15.2189938778709,0.0688923543059651,-12.9173,1.552882136233988,0.03398052540652685
2196000,3.32446680355921,3.90583292265572,1.17487499603669,-0.0168230878908123,0.014697822503637,22.45,1.19733333333333,261.5,4.84259259259259,142.19,7.2448,1408.38,0.8727,4.76769504611559,3.23309839543129,0.83135035252581,0.223176768809838,1.31293532338308,1.36878049909613,0.457560711936716,0.75691595421773,0.616410489434797,24.2930917361569,37.5082503325754,32.8072935175685,0.0,-14.0784,1.3339349804783203,-0.012823890089192935
2231000,3.71943189596167,3.40487262149213,0.915428139762131,0.414359340302195,0.0002359180653982,20.9,1.24776119402985,252.65,5.15612244897959,38.71,2.187,1748.37,0.9529,4.25283157719909,2.0681812525432,0.79254602167532,0.0918973629873362,48.9348252846486,1.50000001490116,0.442658190399664,6.20428566037158,0.711252875743009,72.562578177968,9.1845919141168,7.05876221806019,0.0,-13.0101,1.5226966735239655,-0.013003216170016874
2314500,3.65192470910335,3.477918275154,0.952352129956131,0.269695205815501,0.0002496503583007,22.3,1.24929971988796,259.35,5.28207739307536,42.05,1.56449,3322.15,0.9741,4.75816059386786,2.42066748993061,0.82609323932724,0.0938290710834088,49.3554920799792,1.50000001490117,0.460463656953666,6.24414979869381,0.736503071284102,69.0605054656083,9.49681068031532,7.06089810650312,0.0,-11.7986,1.5007057917186302,0.0777964170336013
2315500,3.66727857631759,3.7085363449692,1.01125024123284,0.277035735591472,0.0002426326463345,21.05,1.26047904191617,249.65,5.01809045226131,39.99,2.02123,6136.26,0.9266,4.82020764900772,2.40055537568881,0.827409550313062,0.0887262783100483,49.4829889892367,1.50000001490116,0.445258534567283,5.91993421545963,0.713497754587366,71.2098716747828,9.80137289508379,7.50969085956243,0.0,-12.269,1.541684115759963,0.0536367610260331
2350900,3.63582067077344,3.15648425735797,0.868162800968536,-0.050833314877925,0.001767717746493,22.1,1.23809523809524,269.05,5.29105211406096,139.77,6.74759,1365.12,0.3941,3.23322682360858,2.26498910054355,0.728975208853944,0.258408938930943,1.19663512092534,1.50000001490116,0.406461771336503,2.99152907080936,0.599086313820444,64.5419197352978,16.854671998034,18.6181152415492,0.0101653321950688,-12.5837,1.4058008882622153,0.013317580752240099
2361000,3.9580424366872,3.29058316221766,0.831366316772442,-0.0359430925396891,0.0015124422847458,21.4,1.22285714285714,262.95,5.03735632183908,117.14,8.27039,1781.61,0.4408,2.9741130556848,2.13347315135066,0.718239356657395,0.272116451075977,3.89028850060951,1.50000001490116,0.408211546340427,2.97038735009324,0.613367056800085,63.3599875242765,18.1909773064956,18.4250577705399,0.0,-14.2703,1.558738969793499,0.0864011718063582
2363000,3.96039698836413,4.17131125256673,1.05325583895308,-0.0564163038164559,0.0026556564479946,22.85,1.1994750656168,269.8,5.11469194312796,135.39,7.57689,1292.51,0.635,3.79146086258454,2.76864162044451,0.774037908637042,0.283771536788565,3.62846068660022,1.50000001490116,0.41541645386093,2.62415250186404,0.597949804828862,58.0460992903874,21.6130310794451,16.7061839545114,0.0,-13.169,1.5013353372117162,-0.008306161530004852
2371500,3.96998357289528,3.14758301163587,0.792845349065351,-0.0453165947929238,0.0040171402581935,22.4,1.18832891246684,264.55,4.99150943396226,125.86,7.42604,1292.79,0.6862,4.16548637373976,2.97215669849731,0.792318914072704,0.259565777126578,5.05568181818182,1.50000001490116,0.42060074562203,2.11054998317178,0.555049985901238,50.0424856006001,21.5632807007169,16.6324188273072,0.0119474826491956,-13.1163,1.2517584266003363,0.013813205512956395
2372250,3.98311704312115,3.14445998631075,0.789447046689535,-0.0568992099341427,0.0034759991435446,22.65,1.21774193548387,263.65,4.99337121212121,122.94,7.29973,1145.22,0.7608,4.24444667347131,3.020283295074,0.799280964929441,0.257429146272682,6.17239225484072,1.50000001490116,0.415416334593691,2.54780813067849,0.586147436332373,56.655488319526,23.1052979108792,15.3358264062371,0.0158125726441524,-12.9898,1.4728650637999985,0.012979601715350841
2472000,4.15840246406571,3.16766180698152,0.761749694589318,-0.163583171916359,0.0060147222598053,23.2,1.21148825065274,259.85,4.86155285313377,123.24,6.76654,1927.13,0.6696,4.80920360163545,3.29996244817296,0.829551427193048,0.214407129448968,12.3199255121043,1.50000001490116,0.439656583117679,1.02322193302085,0.645530193149785,37.8146728327072,31.7559482299452,29.0543153151037,0.0965108339582878,-12.0405,1.712085618130495,0.022211118698851173
2479300,4.61856810403833,3.21301212867899,0.695672783490976,0.0100866497787576,0.0007412865485982,20.5,1.19883040935673,247.9,4.7444976076555,65.19,5.84957,1144.2,0.8895,4.63624885415172,2.77027365763764,0.812993083166148,0.148993865172104,34.9230769230769,1.50000001490116,0.425102889962934,2.04044224405252,0.617727034253175,51.6195551821352,30.4556507615305,17.8306531849571,0.0,-12.4162,1.6833991508201793,0.0004952129225612723
2479560,4.64999041752225,3.18509713894593,0.684968538202518,-0.0243605221446677,0.0008881841770739,20.1,1.29260450160772,247.05,4.88241106719368,64.68,6.14661,1454.33,0.8849,4.44717266096067,2.67080037381341,0.803758744759213,0.156628670484991,30.4417571569595,1.50000001490116,0.421029230296843,2.2988267218082,0.626086380931309,54.7379291822674,28.261555104663,16.872730444158,0.0,-12.3745,1.7265802578036202,0.006834056196602933
3069500,4.07351813826146,2.44632761122519,0.600544180286688,0.0685163705935231,0.194644630432116,13.15,1.16371681415929,190.2,2.83457526080477,961.46,63.79304,1856.85,0.9408,4.72559086443894,4.12217042958076,0.875594118763101,0.491650008280562,1.07180756986204,0.979106582033581,0.454406492583119,1.10558296442675,0.40702362735253,27.9227546050133,47.4342533526252,17.6530846074369,0.138111208510196,-14.8012,1.5754596419676516,-0.008323879012931856
3164000,3.7405106091718,2.66829385352498,0.7133501632056,0.101946051614827,0.0839958967122095,19.7,1.17261904761905,235.4,3.96630160067397,766.6,45.80251,2952.74,0.9348,4.62254323382363,3.80942308653144,0.85271196998103,0.411461621039568,1.04469016355678,1.4072564252889,0.438833682541966,1.39994141784153,0.610181699211463,40.9869138355833,37.4551822341376,21.5267562473108,0.0,-14.0123,1.5737414667887752,0.006255136831853414
3182500,3.55233127994524,2.51935242984257,0.709211002944919,0.0375230123779968,0.170253081143655,17.7,1.16447368421053,212.8,3.21936459909228,934.51,59.7077,1364.97,0.9922,4.78690396980826,4.16475595984205,0.874162207075278,0.484089689897908,1.12125603864734,0.920461239121242,0.453842922585503,1.16919141226696,0.385822585378701,30.0353725331491,48.0109382584522,16.8959884739487,0.0968108325597525,-14.9304,1.4769197309367839,0.013085428590705939
3213700,3.47541273100616,2.61238295687885,0.751675602029157,0.104807159892182,0.0730954797740182,18.1,1.15286624203822,222.3,3.38613861386139,611.92,37.9826,2425.06,0.9792,5.00692875116005,4.52457059679937,0.880496660789016,0.55014111454159,1.02360455429047,1.03198953341934,0.440136454778298,1.56730563979319,0.428669273106907,39.5370216642964,37.8626652671897,17.4316345004202,0.005269266373538,-15.4761,1.4381351237072095,0.018898038216773827
3237500,3.2265325119781,2.55285919233402,0.791208265485269,0.0606166620277512,0.0787104016916548,20.8,1.13972602739726,239.5,3.73634945397816,272.36,14.22302,1003.21,0.5206,2.99664665053856,2.56978549410498,0.761121099713908,0.444266573370104,4.26030085022891,1.30196742282879,0.470709502595626,0.599793127699567,0.586385256244666,14.542242071876,48.245654852871,30.8067787362505,0.215456675248387,-15.4558,1.2992341205411766,0.010042625752228806
3281500,3.80124161533196,2.6716241889117,0.702829354002637,0.0417899627585112,0.044067880842997,19.5,1.1854103343465,236.5,3.86753883892069,376.49,21.8686,1838.22,0.9654,5.20447362051414,4.70080755334398,0.892178529614233,0.544715297281904,1.09410472354449,1.01292355694894,0.46034508567231,0.887002971795703,0.477285124683607,24.9496483023357,50.4244181673515,24.9362533469653,0.0,-16.1537,1.4622478390486424,0.018687602886268584
3300400,3.45790691307324,2.70082891170431,0.781058883191258,0.0118701193031353,0.0537664078517784,21.45,1.20845070422535,248.5,4.14166666666667,254.43,9.33197,1128.58,0.4901,3.20815408844817,2.66423595871674,0.765662216339916,0.411730711433684,1.22826729745713,0.929417454699127,0.475480234323614,0.450375910869703,0.372513746910195,8.18385824512647,38.3447283126314,33.8875783937168,0.195243528063585,-15.5792,1.326621924193811,-0.0015005502029418194
3604000,4.35018480492813,2.96437063655031,0.681435564114909,-0.134235660399537,0.0255990760932844,21.9,1.25501432664756,249.0,4.62395543175488,269.53,10.29605,1163.03,0.8342,3.98100759231407,3.37221909081378,0.809738429401209,0.424238291811288,1.10992907801418,1.50000001490116,0.471847063449828,0.658551462513373,0.702848331409508,15.9981345712005,55.8626481441208,28.2042850245036,0.219200660617508,-15.3696,1.6184741412397436,-0.005250726700253727
4024430,2.23315400410678,2.01156272416153,0.900772056231798,0.68295473815276,0.1608667587394,22.25,1.33233532934132,261.25,5.10752688172043,343.48,6.93316,1091.25,0.9961,4.8120789076139,4.31575506221106,0.871377271539348,0.536352905800742,34.9542553191489,1.50000001490116,0.462371799101651,1.34770270361987,0.713585480308363,48.4311460332403,21.1102983529349,21.5489243898098,0.0,-13.3583,0.8983081472861293,0.021943826036711855
4027000,2.42342231348392,2.05268680355921,0.847019849630856,0.459768532097639,0.235000084730923,18.95,1.19936708860759,240.2,3.80364212193191,425.75,9.36771,1619.85,0.9959,5.17113174788777,4.65947514146799,0.897480743867357,0.546740232094844,24.2242424242424,1.50000001490116,0.425529500324787,1.53489496011998,0.625443214145906,50.6598490068484,28.3983753479185,20.360848879699,0.0,-13.9437,1.0016529530088643,-0.009179598920228349
4045500,2.56409993155373,2.79321760438056,1.08935598414372,0.143003212563258,0.300079815277018,15.95,1.17279411764706,214.05,3.64340425531915,236.77,6.40846,1909.59,0.982,4.70317769889167,3.91809303027979,0.867085121106002,0.41417489354279,38.2546323968918,1.49451885499169,0.591014023314512,6.22562039282415,0.87126566685175,43.9913199800534,5.52414566788832,3.45528228152203,0.69362956443155,-13.215,0.9664007911769517,0.08367372020495345
4056500,2.3960219028063,2.03515041752225,0.849387234373197,0.208487829079364,0.277927593878514,17.05,1.19230769230769,224.4,3.78096040438079,232.99,4.97773,2945.89,0.9888,4.39800251926104,3.72864217945137,0.826760401129849,0.429199310047094,42.7091867775299,1.49058116218889,0.558548354210077,9.39579109188258,0.861233856232259,54.6612721733517,5.31892750139625,2.47938868813352,0.757852576005605,-12.8981,1.0314033170184609,0.044826297553515526
4059500,2.18302258726899,2.33493660506502,1.06958884378108,0.380564370968015,0.235319790957285,21.45,1.23631123919308,245.45,4.08063175394846,314.09,6.07833,1184.37,0.9954,4.8048535142403,4.11276029534763,0.876828158200188,0.449707172141686,35.5941320293399,1.50000001490115,0.444443220265625,2.46507658338237,0.644228440037302,50.8298083991366,33.4004119071603,12.0129497711906,0.410948191000787,-13.6525,0.8675915862499557,-0.02805134351304206
4074950,2.37189596167009,2.31414663928816,0.975652674773615,0.534512715369945,0.203272983314769,20.9,1.2330383480826,250.15,4.09410801963993,482.31,7.42761,1205.53,0.9667,4.80448882952551,4.25216137640408,0.850047377560946,0.493764059949608,24.2622377622378,1.50000001490116,0.430104886334713,3.77158796686628,0.656354333825635,64.7081157908617,23.0266564521972,7.25852470353954,0.0,-13.4489,0.9348466692205022,0.022005346757874467
4122200,2.63890622861054,2.22766402464066,0.844161873009632,0.176031411122328,0.175430988197981,19.25,1.33680555555556,238.4,4.08919382504288,244.61,6.17213,1048.28,0.7431,3.69559025549975,3.20782518056797,0.793074576360232,0.475676368368808,33.24,1.50000001490116,0.404217369904104,5.2424599879265,0.665865649574325,78.1462991740833,12.0985737074674,6.53756020272672,0.0916450675131171,-15.806,0.9677307674731126,-0.03594875330252523
4122500,2.61393292265572,2.21167838466804,0.846111377036028,0.201226998104088,0.184317913063151,19.6,1.32881355932203,232.75,3.92495784148398,270.61,7.82371,1769.19,0.7555,4.44761896096101,3.87003885952965,0.842021637443536,0.482854035992955,32.0594059405941,1.50000001490116,0.410220088093454,6.29316005452344,0.681099499841079,80.1059127405951,9.40992546222146,5.19335655930482,0.0896177522168549,-15.4606,1.0651945185605864,-0.011599560280321275
4124000,2.47448186173854,2.60474535249829,1.05264273413111,0.243321530728284,0.226973864370005,17.3,1.19310344827586,220.75,3.49287974683544,336.67,9.92703,2243.63,0.7036,3.91092897406717,3.36448937579536,0.807397723765373,0.459024489610168,26.6910246227164,1.50000001490116,0.417925022803239,7.25103413356818,0.695340810912124,80.5813460877854,7.851472656575,4.26865112622064,0.0187746078715571,-16.1341,0.986712414859627,-0.006488225513397117
4185000,2.58798494182067,2.37622570841889,0.918176017959052,0.225802839513107,0.125203448992686,22.45,1.23013698630137,252.0,4.23529411764706,250.64,3.32824,1064.0,0.2041,1.84592525401715,1.60293849593544,0.680043417136934,0.486613921843887,43.7074910820452,1.50000001490116,0.45038929075228,0.867705466597601,0.679545772087166,30.0473220828433,39.7876567960022,28.2739416097819,0.0,-16.4001,1.0197942534637254,0.027102170485620025
5129115,1.97311567419576,1.9006168788501,0.963256692806313,0.759441890994257,0.174442072457906,19.35,1.29,251.5,4.82262703739214,428.21,6.94996,2357.59,0.9664,3.60764066417868,3.00953838092709,0.725760327094818,0.350494083337378,11.1073041168659,1.0278222221607,0.456801164299981,2.78383134115432,0.446884208795466,50.9223947866533,23.9616705471159,9.48429031958333,0.0,-14.0593,0.7255114689057313,-0.06205377918541899
5131500,1.99650239561944,1.92146580424367,0.962415977290882,0.76006319319503,0.17134345141572,18.4,1.36802973977695,245.0,4.989816700611,413.17,5.75333,4383.51,0.9729,4.24841695055185,3.60315712559985,0.841512295703271,0.429902025813771,38.6673314718787,1.45509616786484,0.524667523500124,1.27425679449031,0.767794119426048,35.3005940583479,19.6632310121414,21.1708001427443,0.0,-14.2673,0.7959067699936884,-0.07056321446483005
5291000,1.73521013004791,2.23716446269678,1.28927581965823,0.75120196348746,0.148874500915531,24.25,1.38176638176638,288.1,6.5551763367463,432.13,8.90129,1046.78,0.0059,2.15290652311635,1.91264892176577,0.69275448393126,0.513102972179959,38.6225988700565,1.50000001490116,0.444663198647977,1.10596915919126,0.646622054149042,34.8452394034957,35.893972164257,26.1177052679846,0.0,-13.9127,0.7499887253436732,-0.0893548367174295
5362000,2.35849691991786,2.08166539356605,0.882623749043753,0.623901120098162,0.174430982504896,22.85,1.28732394366197,254.85,4.33787234042553,434.01,5.6153,1477.29,0.9909,4.70499951859757,4.25412218425661,0.876083652593215,0.564946607106424,40.574612017509,1.50000001490116,0.450591355157054,1.83132537871902,0.637769334407012,42.3802087725853,41.0229856263138,10.3164057712506,0.0,-13.6393,0.9240252616435347,0.0075065906983867725
5412500,2.68833812457221,2.27296245037645,0.845489795201318,0.667597526414301,0.123139414745974,21.7,1.2122905027933,256.05,4.33983050847458,327.65,8.01917,3858.21,0.5276,2.55919788007918,2.34062083211968,0.768937628667029,0.583869954785008,24.7033596531971,1.47564116989273,0.455394868909771,0.983183962154769,0.665907077289379,29.4404598548251,49.5666805563428,21.0802110712866,0.701516318337579,-13.2029,1.1438950585300218,-0.009225268812100507
5466500,2.73042984257358,2.44143908281999,0.894159243629859,0.409918998753446,0.107102802145215,22.55,1.26685393258427,259.6,5.05058365758755,222.09,4.95695,1151.57,0.0954,2.53229567437625,2.336498578874,0.759089343319279,0.589845885546495,38.1003271537623,1.50000001490116,0.473261289991788,0.663955267347387,0.677781999421985,15.1990072701406,56.6705447832112,24.5796463002969,0.0330851410052271,-15.5393,0.9731435019861471,0.01949693665587926
5495000,2.72977412731006,2.4957765229295,0.914279499523595,0.488646008005251,0.0965623589589288,23.3,1.18575063613232,265.95,4.94790697674419,236.65,5.82876,1027.55,0.2856,2.04034320888399,1.76264186192161,0.70512027332582,0.468230404465751,35.6748617086663,1.50000001490116,0.460365899283002,0.759646787920797,0.693560439745663,23.3233632699866,45.659641291726,31.1214185773436,0.198942186259665,-15.5626,0.8795092169738746,0.0346425797881752
5514500,2.94821081451061,2.61346919917864,0.886459403213494,0.28403037401739,0.0713893692063958,23.3,1.22955145118734,264.65,4.85596330275229,226.22,7.41926,2407.41,0.2339,2.08120519217942,1.77538361188613,0.679528135747765,0.41806478849526,31.3606019151847,1.38424675453974,0.468088119502655,0.601340615880385,0.66076356006548,16.7158149937107,47.488683200381,35.6092519088476,0.749627204373287,-12.6513,1.2330353399749099,0.009119794028471073
5525500,2.84659000684463,2.46637173169062,0.866430264196892,0.320439505090912,0.0775662992910571,21.8,1.19452054794521,255.4,4.36208368915457,217.33,2.73734,1158.76,0.0268,2.46329095973191,2.34235200134787,0.755668632640496,0.636491624292006,49.2961111111111,1.50000001490117,0.466267916310135,0.63030928375848,0.634479918401463,17.3176318569794,44.6293349983155,28.5465694237906,0.482991084749905,-13.975,1.1102959916045223,-0.07672541508644903
5584500,2.77042710472279,2.50508792607803,0.904224450377187,0.386434451108192,0.0864765586667042,23.25,1.2533692722372,265.3,4.94962686567164,197.83,3.91674,1695.67,0.1497,2.43876788453189,2.24516435574703,0.751303362575985,0.575930425629986,46.1626323751891,1.50000001490117,0.47467921696033,0.622513869091523,0.704146911159709,13.9530058606103,57.5403645542258,27.853471589825,0.538811438135377,-13.6542,1.1171526889835945,-0.00862509883779361
5585000,2.7668076659822,2.51276247775496,0.908181117411695,0.36944037726639,0.0820506908680342,23.0,1.24324324324324,265.55,4.91759259259259,197.96,4.56575,3354.61,0.202,2.35746054825502,2.14754288298977,0.741354839288628,0.554249466470184,43.4108452335006,1.50000001490116,0.474137341394385,0.621748140555193,0.701649421888317,14.1008759262437,56.3656028269419,28.2277700927247,0.444550622703023,-14.085,1.1658316049820459,-0.015036212717360886
6037500,2.40582477754962,2.60378079397673,1.08228197592541,-0.405931800714633,0.648344907835478,14.1,1.34928229665072,223.3,5.26650943396226,2412.29,37.64619,1126.25,0.8534,1.41387036725218,0.863027740983509,0.528578176479727,0.175220757301292,2.38110403397028,1.07888130192213,0.42206978395961,2.51446493618734,0.435956249868439,54.7484698280242,31.2911614378374,14.0199699583633,0.0002329335776292,-12.7442,1.2436500393883423,-0.044794942902356305
6043500,2.19833264887064,2.68993431895962,1.22362478687724,-0.0683381052053208,0.580824120327646,12.05,1.19900497512438,213.75,4.09875359539789,2374.11,116.56357,2120.42,0.7832,1.82321204631187,1.26700960634177,0.608127731901527,0.240699945159824,0.851195499296765,1.48097831926984,0.438594218465787,1.47645126542488,0.638319518893619,41.2797245376281,38.2653662520441,19.3808508264197,0.094635753332044,-14.4232,1.0882543476423798,-0.000816500530414821
6188000,2.2527446954141,2.53167455167693,1.12381778407054,-0.229372987097908,0.621106810157812,10.05,1.28846153846154,209.0,4.28717948717949,2569.59,104.83955,1730.28,0.782,1.3149742171691,1.02679094713805,0.495269283327226,0.275693952888312,0.859673497742272,1.48256366640042,0.42687352689566,1.97891169354471,0.619139531039653,50.1549872873831,30.6461841115004,18.6659220439339,0.0947513107460154,-12.674,0.9903397246639793,-0.0010684286689021105
6191500,2.16386721423682,3.33267828884326,1.54014916761825,-0.24334125717068,0.629262259561398,9.75,1.28289473684211,203.65,4.56103023516237,2547.95,94.05817,6783.59,0.7861,1.32322097420128,0.97831040983476,0.482735406268428,0.237673948113263,2.40618865102365,1.42227773063806,0.425792749032804,2.10271560862708,0.587698909606876,51.3813864990303,31.6294481789233,16.8802219961444,0.0329991950256008,-12.9291,1.0534513032963975,-0.006274105090682824
6339500,1.13635455167693,2.15978320328542,1.90062441347923,0.834636765828901,0.161668315048542,23.25,1.50485436893204,298.65,8.04986522911051,711.32,10.60067,3171.46,0.0002,1.28384548245303,1.087549549492,0.503237315214142,0.362499277076841,4.40230305245842,1.34585932764627,0.450697679698454,0.962660956200029,0.383504149927982,19.103651231668,25.2526467924899,17.7628520091762,0.0,-13.2317,0.4775183549549317,-0.07960466363389873
6353000,1.13522792607803,3.04309965776865,2.68060676438952,0.779534463291686,0.155792225582551,23.45,1.44307692307692,300.55,8.07930107526882,767.71,9.54494,4526.51,0.0001,1.24410580922567,1.05717454139872,0.491669093062351,0.350440526218619,1.82468030690537,1.47665685103616,0.446695753967421,1.00208862966776,0.379351544173623,19.4768973077201,22.3508309499787,15.8089216255689,0.0,-13.1298,0.44743398936594625,-0.0171722296021328
6354000,1.13818754277892,2.64071333333333,2.32010387926576,0.787551447045482,0.159263499974743,22.65,1.44267515923567,296.75,7.91333333333333,743.88,9.74186,10598.19,0.0001,1.26567181394699,1.07856894102211,0.495896607873975,0.35450786103811,2.1424122782628,1.48044956035571,0.445902303110184,1.0283252047721,0.379580133033715,20.0564631625136,22.3438821448497,15.4391770685686,0.0,-13.0703,0.4723967270661153,0.11998544861870658
6360500,1.1871923340178,2.2793320054757,1.9199349087454,0.723823144275992,0.152009123153346,23.15,1.43343653250774,293.6,7.56701030927835,802.48,10.51138,12654.96,0.0001,0.989619967595197,0.798461134012735,0.415567689301505,0.272846158485234,6.02659269179262,1.46803159878581,0.44119670151179,1.05552680191336,0.331216492188175,19.1351039217526,18.7256804028516,14.492412620214,0.0,-15.4093,0.48141668323003484,-0.059571891842576385
6441500,1.30950581793292,2.33509107460643,1.78318495620922,0.682999422778656,0.131508246967888,23.05,1.41411042944785,291.05,7.24004975124378,683.42,12.47192,8152.55,0.0005,1.06473918516747,0.869384474417984,0.439278271138618,0.289506469528045,11.9034783918085,1.50000001490116,0.459875610223052,0.511619909471156,0.348422884837884,9.00617430426051,15.6330823152028,24.2818512667867,0.0,-15.0168,0.5085307369280124,-0.03829446952320581
6447000,1.31316084873374,2.72546258726899,2.07549790255863,0.67908873512752,0.142712537945758,23.3,1.40361445783133,285.85,6.87966305655836,1057.12,14.40932,12849.71,0.0358,1.01893092133378,0.798918071812832,0.416559935253665,0.247807625153193,9.98814420517784,1.4892440614744,0.443929516779253,1.02549290021707,0.284984245950047,16.6906299257402,16.8688585709509,9.9577527832528,0.0142970757995729,-14.9252,0.5150667267522147,0.03874468496947625
6450500,1.47141136208077,2.36722511978097,1.60881258687129,0.690499953907953,0.144339852595579,24.0,1.42011834319527,285.4,6.87710843373494,912.42,10.41664,4111.27,0.0001,1.13912938878561,0.917527140320045,0.470693770001584,0.29350847482196,23.8781787726511,1.50000001490116,0.416894347083683,1.7055090092583,0.468277599095673,50.0591360929365,14.1196342507274,7.80046111714878,0.0,-14.5376,0.5647881402366276,0.015523231717192387
6452000,1.38209308692676,2.40919312799452,1.74314823710727,0.682097416945877,0.131326767820336,22.2,1.4185303514377,278.6,6.36073059360731,923.24,12.73758,25791.04,0.0242,1.10201049688532,0.884343311756242,0.452366391054398,0.281297705466102,11.8790283674257,1.4949797647555,0.442592866121124,0.884179246006556,0.358981071649636,21.6576807769323,16.9734150308991,14.81874249496,0.0096328075038432,-14.9098,0.537982336995366,0.021049236390970005
6453600,1.71765639972621,2.38583323750856,1.38900494760701,0.699911406330621,0.12831899313647,25.25,1.40277777777778,289.85,6.89298454221165,569.46,12.77542,2101.42,0.0217,1.49718927559229,1.22962378247869,0.578954405058964,0.357184103997679,22.3014577259475,1.50000001490117,0.447617169191079,0.751558338860525,0.539051493768107,27.0189637838353,31.3041717556315,20.0042595958843,0.0035386084646201,-15.5719,0.6481895404169191,0.022439345163968005
6464500,1.54643942505133,2.4016810403833,1.55303919537849,0.73334815179373,0.131171470707478,25.15,1.4169014084507,290.7,7.21339950372208,768.53,9.07924,2914.04,0.0109,1.29617759933298,1.05243268758376,0.530486156936392,0.337521488212213,30.0305992350191,1.50000001490116,0.405836406596626,2.98624653521601,0.511241090337594,58.9835613819275,14.5461154491647,6.89057257682594,0.0,-14.8514,0.6375248566770001,0.1262650814880867
6468170,1.3077453798768,2.06557177275838,1.57949078203051,0.920667036511498,0.143378889321559,25.05,1.41926345609065,301.35,8.47679324894515,516.41,4.68375,2809.1,0.003,1.86435021741836,1.6707502425575,0.64516244417717,0.507387065108272,46.1121267519805,1.50000001490116,0.434500915918507,1.77291514654472,0.633831452263371,44.458195569699,37.0815398828517,17.0543802383994,0.0,-13.7404,0.5665492639785233,-0.11581631325357133
6468250,1.31975496235455,2.85033828884326,2.15974811245113,0.922018963591716,0.144027317206749,25.25,1.42253521126761,299.3,8.29085872576177,508.66,4.53343,3242.61,0.0031,1.8859286776134,1.68746790070136,0.648196082953334,0.506212613106944,46.1197095803081,1.50000001490116,0.432603343042916,1.81708511342348,0.632146941276267,45.8477394292058,35.9044601113033,16.5321334476895,0.0,-13.6027,0.5785224398520676,-0.024686454330654972
6470800,1.55759890485969,2.10519089664613,1.35156161838453,0.824561369384648,0.14718946482151,24.95,1.39385474860335,296.7,7.35315985130112,423.26,3.54676,1071.14,0.0061,2.20687526085596,2.0096650531317,0.700221525102677,0.558942578630896,49.8586326767092,1.50000001490116,0.436004881496946,1.67494603235672,0.643548418611181,43.7397862265911,37.5761839395278,18.2928396800534,0.0,-13.6636,0.6205106429380244,-0.3020979301574782
6477500,1.68001642710472,2.33532168377823,1.3900588387715,0.698989465592905,0.132381124658994,24.6,1.37430167597765,295.6,7.26289926289926,466.03,5.211,1512.44,0.0,1.47061689217256,1.21681166531563,0.578604954933992,0.370566196730059,44.8991262907069,1.50000001490116,0.449238369963314,0.952791618846312,0.681831052256069,31.2077608484178,37.8905069655194,30.6334558607797,0.0,-13.9939,0.6218077326592004,-0.017039835416213678
6784000,1.74511156741958,2.47644395619439,1.41907486170423,0.747034933962024,0.115205160950232,24.6,1.27792207792208,287.05,6.40736607142857,790.29,7.87218,6019.74,0.0143,1.42963616537242,1.19602276739748,0.566173065098834,0.369921948428106,29.8525212181727,1.50000001490115,0.447473184730189,1.16548379990097,0.673418032789519,37.5902867114118,51.1620260614868,11.0720256347262,0.0,-15.2,0.7210719434472402,-0.0016497989140490943
6876700,2.05577686516085,2.67957004791239,1.30343428478204,0.713301976007724,0.0796113854216262,25.7,1.31794871794872,294.15,7.03708133971292,448.53,8.37527,1056.44,0.0,1.14847495528074,0.838265114689036,0.497010172279643,0.249108174617597,13.8115671641791,1.44658841665722,0.473513182513824,0.602025248399044,0.689631437967379,14.2851796402583,55.345249000567,30.2753037756983,0.287128156506156,-14.044,0.7943621881407978,0.0067814907980719985
6885500,2.4455742642026,2.86678918548939,1.17223558795673,0.664971956084693,0.0842987262187572,24.95,1.2200488997555,285.3,6.10920770877944,394.81,8.30284,1062.87,0.0076,1.50947202812709,1.29428756840972,0.604439141054782,0.411876672587273,34.3333333333333,1.48088387728722,0.461038365973944,0.608027424897499,0.694977414248829,20.021726976953,38.0325605299571,41.9750857264434,0.0511523340502047,-13.0409,0.8999475219276432,-0.08001116329362346
6892000,2.77499110198494,2.62007523613963,0.944174283753739,0.585259882115312,0.0715178249456991,24.9,1.29015544041451,274.05,5.43211100099108,304.55,9.14485,1092.72,0.067,1.76212127216237,1.49563910042382,0.653167003681937,0.412264662448835,30.8354278874925,1.49388698196972,0.464544776737115,0.612546661701162,0.665117651729664,17.6271657808156,40.669202717187,35.7633557696892,0.252337963623747,-12.7532,1.0092503876577532,0.04893501348904483
6906800,3.19037508555784,2.65641971252567,0.832635549516019,0.364725736915439,0.0604504736826071,24.05,1.31420765027322,269.15,5.32970297029703,279.08,8.38096,1414.75,0.3516,2.58040152472755,2.17476376213288,0.713011098998999,0.405741049849812,4.42065727699531,1.49913833910182,0.475249255187133,0.592431084313103,0.707773848701598,13.1086341532448,56.8100730981011,30.0552482551975,0.597091089573001,-12.6822,1.2173608035908798,0.03711768528351955
6919500,3.31698562628337,2.85208930869268,0.859843734652658,0.334526710398808,0.0494466083766876,23.0,1.18251928020566,268.25,5.13888888888889,304.29,6.03069,1069.42,0.243,2.89462683796565,2.45681434371279,0.7344234445602,0.419504069935262,6.08902821316614,1.31923781169002,0.460973122110158,0.80007421074983,0.481011879295826,17.7153641668672,39.9382093877872,22.5973748693321,0.439445498722343,-14.382,1.2324678442263717,-0.004515774770899816
6934000,3.25600136892539,2.70193284052019,0.829831604589262,0.163030341568213,0.0645908844574479,22.3,1.23204419889503,255.3,4.72777777777778,334.86,11.8533,8264.9,0.5897,3.92357858384305,3.3984629455614,0.801395107840249,0.451681524287681,2.3933997712792,1.40849167098405,0.471115026971508,0.605671663546949,0.66718386307057,15.4996864229302,49.9330553712776,32.0957251565734,0.926072991120847,-11.9044,1.3587916443574377,0.06801322173350977
7014500,3.28426420260096,2.77213960301164,0.844067173650723,0.144399588283757,0.0661153614501773,21.4,1.23342939481268,255.5,4.75348837209302,330.14,11.88533,3845.5,0.7777,4.61665236608421,4.10139325201242,0.846841320085243,0.493124473398287,2.85988483685221,1.49769077894865,0.469679977887787,0.644851087602795,0.713846903151025,17.0095032573294,52.7101794236961,30.1798040183909,0.532724007641709,-12.2049,1.4104061880594914,-0.0011102152219940598
7056000,3.61737166324435,2.8046928678987,0.775339978580808,-0.0185708965172326,0.0527457057547994,23.75,1.25,269.7,5.27272727272727,459.08,41.947,2149.36,0.8844,4.9581085853862,4.39844207916247,0.8709850141129,0.491920606681592,1.04896,1.42419347779462,0.450885808055358,0.892696033185368,0.510563755463764,22.49397243878,31.1953098928753,24.2386510638721,0.282174134804815,-14.0789,1.4522848985185828,0.04767355259605721
7057500,3.26127173169062,2.77348156057495,0.850429460883099,0.0252425344420412,0.0564394367095807,25.55,1.2775,273.8,5.42178217821782,324.68,11.24276,1456.44,0.584,4.09228094379476,3.51462364469783,0.808381133293666,0.432314136422029,2.4036312849162,1.37681043745094,0.466882661143019,0.671972225420409,0.647374669327386,18.8464372470434,46.1120895023811,30.6902647734603,0.998044239181792,-11.8017,1.4424472541575544,0.056896948521650614
7066000,3.28792470910335,2.75392836413415,0.837588633495557,0.0581490297793631,0.0562313137196695,26.9,1.27186761229314,279.55,5.79378238341969,343.23,10.30686,1053.5,0.693,4.61463130691326,4.07182736262562,0.844997812893784,0.478574461918826,2.24872448979592,1.45928859059568,0.470688678735336,0.5910057492686,0.688460464786599,15.284620328601,49.1673520741174,34.0734064812186,0.636085186630631,-12.055,1.2160200441498692,0.08947576208530372
7067000,3.44280219028063,2.75745957563313,0.800934652422875,0.0172172241548583,0.0557204130312644,25.1,1.25187032418953,274.7,5.37573385518591,325.61,11.97771,4349.01,0.7931,4.82952060726065,4.27578387287888,0.859879551642112,0.486571179353827,2.11998751755344,1.48421573097954,0.469624417425831,0.590815990098773,0.701316441321972,15.8220126809234,48.9318579607711,34.8873636952947,0.52725531411042,-12.131,1.425186144545622,0.0928604331319125
7068000,3.40409171800137,2.74704971937029,0.80698463700125,0.0554841475848687,0.0555107614985227,23.8,1.249343832021,260.15,4.93175355450237,293.5,12.0651,5318.59,0.7417,4.91412916942315,4.35775791676582,0.864947960573778,0.489495021695475,2.15806945863126,1.48708470512636,0.469501673365181,0.592136675782188,0.702074108792425,15.8918614575334,48.877303424146,34.9510361219378,0.476526145008869,-12.1665,1.4748463188198624,0.06742993460604896
7071500,3.33882135523614,2.77022151950719,0.829700431609724,0.0078234822258338,0.0533556866743829,25.15,1.27664974619289,270.45,5.3238188976378,283.07,10.03191,2023.77,0.5914,4.33099867251905,3.7685304739211,0.824529930625076,0.451512136302775,2.84178905206943,1.50000001490116,0.467200433119673,0.608500426243145,0.702596060352779,17.202253171098,46.8059964812861,36.1415334523396,0.437519163674423,-12.1937,1.4154871465595453,0.04152569241018178
7142300,1.8067446954141,2.83269767282683,1.56784612680298,0.64300366741464,0.0867916780002227,25.1,1.28388746803069,304.1,8.03434610303831,677.58,4.76724,1819.94,0.0003,1.16382103006498,0.848938456870195,0.48782477912583,0.24715153615008,49.5319001386963,1.50000001490116,0.423554327070169,1.42060071237054,0.647241958102202,53.1387655562332,30.588484893292,16.1854752431871,0.0,-11.8217,0.7175274655615472,0.12163013214009327
7148400,1.90958247775496,3.20051247091034,1.6760273558192,0.56707562046112,0.0798781318326822,26.05,1.28641975308642,302.25,7.75,545.41,9.72975,2544.5,0.0005,0.963708627961121,0.700736160406498,0.425835705082562,0.232503105619712,12.8587645195354,1.50000001490116,0.44031282419709,1.07445047872721,0.52790671406163,29.2086328746489,27.3418529099249,22.6255763318757,0.0,-14.0603,0.7571971718189566,-0.00792771389648661
7149000,1.97581245722108,3.00993000684463,1.52338851587058,0.581205239042562,0.079110058607485,25.95,1.28465346534653,301.15,7.93544137022398,558.82,8.31384,2291.2,0.0003,1.06422124648142,0.767841912975682,0.455581505022561,0.238002705291896,21.0598036298721,1.50000001490116,0.440488143228671,1.13758606410026,0.5617351721632,30.6076289372257,31.2785557250485,22.5967978266867,0.0,-13.5872,0.7576360193227518,-0.020587732538684844
7151500,2.31618069815195,2.9807170568104,1.28691041212315,0.527944729333874,0.0705349385627405,25.75,1.34114583333333,290.4,6.80093676814988,456.85,5.91848,2109.0,0.0101,1.22456562975733,0.818204106478568,0.502596359844986,0.215281718666136,40.7418944691672,1.45841650396836,0.432375800468527,1.48822131081358,0.585932059234489,43.2797453394043,30.8629825644328,20.091070681249,0.0,-12.3308,0.9285691978798535,0.1266601767548563
7226500,1.07436002737851,2.71001545516769,2.52244628067582,0.890675558110475,0.0735735582681379,25.45,1.51940298507463,305.55,9.87237479806139,1587.35,17.56282,5242.75,0.0028,0.57729877316962,0.373908211117553,0.286549542775838,0.154655565548504,14.8725219902849,1.33126290792459,0.43221022592953,1.49511543253017,0.547214763946045,41.2691337949775,29.3575989909299,19.6287599487381,6.47735365530563e-05,-13.2545,0.4965159512169281,-0.0625784843288843
7290650,4.1546160164271,3.42285772758385,0.823868611214627,-0.16724761692358,0.0040610264363759,22.7,1.26815642458101,262.35,5.1140350877193,105.8,7.48765,1688.73,0.7965,4.50496417589876,3.30367485407145,0.815306049793279,0.280783459405914,29.5693153000845,1.50000001490116,0.460692836185684,0.958871250756489,0.680625883448584,25.870710860218,53.7393374478625,20.4614983589324,0.0,-11.0545,1.811870523176366,0.0281858107788151
7292500,4.25553045859001,3.47485900068446,0.816551317044455,-0.170541737160257,0.0025798855778927,23.8,1.26595744680851,261.8,5.08843537414966,115.81,7.03828,2073.09,0.9468,5.08576369378386,3.37341324963001,0.838933229317876,0.18525571829442,27.2270045123221,1.50000001490117,0.451942058410137,1.12570124945104,0.673561657514787,31.9167997166916,47.1726402801593,20.9083405193605,0.0,-12.1976,1.8647943919582746,0.03199678206509249
7301500,1.72773305954825,3.09967151266256,1.79406853132336,0.552679749755734,0.0694242731808425,25.35,1.38147138964578,297.65,7.84321475625823,841.43,9.12835,6885.07,0.0008,0.900953204538708,0.656207343780417,0.401804030994483,0.222052107525294,28.8949275362319,1.45933030921669,0.423780659493421,1.40075712627582,0.59400470360789,48.2833685872132,23.6893501110834,20.8844566392524,0.0,-13.3382,0.7638027781489193,0.1509248087837835
7315700,2.50220670773443,3.06947411362081,1.22670685204901,0.244999789210954,0.0208161228801737,25.55,1.32727272727273,295.0,7.53512132822478,286.95,6.30245,1488.69,0.0437,1.58936290160419,1.21458560315889,0.565856290669431,0.283918086188033,11.2912941176471,1.38021360643416,0.44378576233915,1.09543242006442,0.611092385555692,35.7375997975072,35.9600359721894,28.2887728334887,0.0,-13.9493,0.9609195468744312,0.02877885566578897
8013000,4.32004654346338,3.21965529089665,0.745282546959656,-0.156904435045654,0.0032863361803717,21.9,1.23380281690141,251.3,4.8843537414966,75.95,4.567,1293.69,0.9144,4.83560862597344,2.99419305654465,0.828604928185975,0.160985302859105,44.1684152401988,1.50000001490116,0.447360039718332,1.081808311834,0.630559640706226,31.7648144920937,38.5898223435033,22.802275633143,0.0,-13.9362,1.5823864243723482,0.0488460399328976
8014500,4.47232991101985,3.27026761122519,0.731222355302373,-0.10171220484307,0.0022457658116513,21.25,1.21776504297994,253.3,4.81558935361217,57.95,3.28615,1305.15,0.8187,4.67051473252856,2.73525233165406,0.822381094170114,0.144744490811663,44.6132748217224,1.50000001490116,0.448874743566099,1.20664302145334,0.67639886924096,34.6059642562151,46.4866960058495,18.8778032164218,0.0,-13.9215,1.8317466685613826,0.022154576639235812
8079600,1.37242026009582,3.58075637234771,2.60908154481608,0.56876037431352,0.0357218022388841,25.15,1.4169014084507,308.55,9.32175226586103,952.69,5.15091,3348.95,0.0,0.768546451054059,0.545950022423936,0.349582531724565,0.188481952250754,41.0624748085449,1.50000001490116,0.430303976001383,1.33262576394737,0.642046511695704,44.7544620611119,25.3299244576443,30.1207780319923,0.0032921319831566,-13.4623,0.6099448818003064,0.1026996444296025
8086212,1.90821902806297,3.26121609856263,1.70903656792118,0.3051908468616,0.0131862313964449,25.45,1.42577030812325,305.25,9.11194029850746,507.6,10.25442,1584.82,0.0038,1.25847854143659,0.933278038963336,0.491796077665384,0.239248988232265,1.33004926108374,1.48247664419388,0.456213900346663,0.569275874291615,0.692469636961543,21.5530205951857,29.8470665334011,47.3328303455025,0.0049291390664459,-15.8201,0.8948747620552991,0.006478278629632794
8101000,2.39648186173854,3.30188913073238,1.37780685239028,0.105146588941242,0.0091795525039557,26.0,1.43646408839779,293.2,7.7875166002656,388.23,11.33266,1177.1,0.0067,1.23935478234518,0.821306553976997,0.488418364916188,0.19690570821472,1.13164251207729,1.22618643480429,0.457825128829213,0.742507473116237,0.484193793431801,18.2788597811428,33.9087033469631,27.1033380515529,0.0024560843629218,-15.173,0.9909964095014023,0.02907391388139635
8164000,2.9330006844627,4.74390590006845,1.6174240685312,0.0953411350918323,0.0013801266430718,23.75,1.50316455696203,280.05,7.29296875,73.09,4.02264,2124.0,0.074,1.55322983553728,1.02361735108593,0.582446894308869,0.213788702887233,39.28859527121,1.50000001490115,0.427897261593235,1.20518347166437,0.679484215374053,45.0788418601838,19.8331861770528,34.5783088642432,0.0,-13.4365,1.1730156411054122,0.021580146870563754
8171300,2.5603819301848,4.67503757700205,1.82591414268598,0.118060634725149,0.0043200262623378,24.9,1.43103448275862,293.15,7.69422572178478,379.23,13.97922,1067.47,0.0569,1.39837890845399,0.82213943355486,0.517311218607447,0.168631658794313,1.24949152542373,0.981444427155261,0.458117936749422,0.842931145103656,0.426324953190426,24.5771138552349,26.9846719346215,25.7850296167162,0.836617953957555,-12.0681,0.9263508259868253,0.03764392533343086
8175000,2.41630937713895,3.44429559206023,1.42543650438442,0.149304800803094,0.0022293177664445,25.55,1.52083333333333,297.35,8.54454022988506,113.27,5.3832,1421.66,0.0703,1.50328776538629,1.12426323765911,0.576422327104662,0.266871839937141,7.02166064981949,1.50000001490117,0.426574364319622,1.25374727528766,0.647864531051937,46.3706043478544,19.5964708146897,33.9983175849353,0.0,-13.7901,1.0862828637864779,-0.026415354840493177
8189500,2.37437097878166,4.73685297741273,1.99499278745536,0.240103706803132,0.0016287321026845,23.3,1.45171339563863,292.9,8.25070422535211,67.31,4.02675,1808.29,0.1046,1.46356894052575,1.00323717014187,0.564346281122583,0.236393554177075,41.203431372549,1.50000001490116,0.42175252603324,1.78508771824957,0.583064410505924,49.9478657930558,19.6945742604446,27.9247267880456,0.0,-13.0338,1.0467050654100698,0.026496667625326764
8190000,1.91738945927447,3.39890813141684,1.77267488093054,0.375019993669262,0.0037075564040486,25.2,1.38461538461538,311.25,10.0565428109855,567.77,17.30756,1961.43,0.2878,1.28653667312889,0.669317140354942,0.492121795903854,0.12684093176896,1.87590683466972,0.839523800105402,0.455489645283508,0.599163652066009,0.186678309583177,10.2844588688814,10.4234072853878,20.3747978549989,0.924281045407362,-11.8909,0.8805833350946639,-0.13268335298696451
8190500,1.82685420944559,4.20636131416838,2.30251614629113,0.414786097079929,0.0044907633248583,24.55,1.3988603988604,315.25,10.5083333333333,590.4,13.29277,1799.09,0.1388,1.03522336261494,0.528285841934137,0.443986963786039,0.11730797215066,1.73923639317628,0.800000011920922,0.44577274518888,0.785347277612178,0.11489578229097,9.35654488783905,8.74648042330357,13.4187520067049,0.977785638581083,-11.8297,0.8058929933011539,-0.02787604578301567
8195000,2.21157700205339,3.38704205338809,1.53150536935558,0.36979018821797,0.0043576302166992,25.0,1.35869565217391,309.4,9.68388106416275,578.2,20.77367,1028.29,0.5043,1.68628715931265,0.94829477755453,0.555785114401505,0.154644087169344,1.69543147208122,0.757032747916038,0.45552075264635,0.58924414434121,0.168335748748056,10.6466246316532,10.9006779640284,22.2187566449931,0.925547329334804,-11.8893,0.8105589779374015,0.14648060143324693
8324000,1.53157973990418,3.06312918548939,1.99998022021435,0.238578720782526,0.365429081915842,27.7,1.58285714285714,286.65,7.92946058091286,2459.47,74.75895,1207.95,0.5803,1.64669581725361,0.865648383043467,0.584625735957355,0.160920298700752,1.22278056951424,1.33902240151464,0.431404890542233,1.58320009137234,0.530150074491136,43.3205358576195,30.9373316318819,17.7514743675337,0.123077032280925,-12.8974,0.6482233601120607,-0.03996683132559997
9430500,1.29077754962355,3.44975073237509,2.67261445117418,0.473474964337476,0.139533551875942,26.4,1.66561514195584,293.95,9.93074324324324,2227.36,58.13208,4804.93,0.4793,0.953463616041695,0.508049478146288,0.39922301007951,0.116776394785744,3.61945594322886,1.0022739982576,0.435160842787355,1.29929351502091,0.420820558371976,36.9259333016046,26.0410952874474,26.0315237935606,0.0,-12.6397,0.6168592309026325,-0.02069066123434743
9494000,1.70934565366188,3.10237267624914,1.81494753246836,0.0934968282109784,0.235554110470522,23.25,1.65480427046263,281.9,9.1973898858075,2153.94,50.88758,1628.23,0.8391,1.74472716044426,0.889040896516206,0.604638908142893,0.169272152754362,1.13809523809524,1.34841758428171,0.439357207306491,1.13824755709917,0.513110965260514,35.8692694429816,29.7934596839513,24.3207199505499,0.0,-13.1224,0.5922434886764504,0.020457836748528302
11473900,3.6535537303217,2.79784791238877,0.765788084398152,-1.23057444747983,0.262478357358648,26.65,1.88339222614841,277.05,10.2421441774492,1037.85,126.70666,1925.01,0.9609,2.63348691057652,1.40846939169775,0.701223891288369,0.139687407428516,1.9949494949495,0.783653925739968,0.435755723453195,1.59367624042756,0.292631580270129,36.521489039983,30.2605599078208,17.622868106683,0.0,-14.6914,1.7412053912439032,-0.1108956148532293
11522500,3.13553045859001,3.25859069130732,1.03924702194494,-1.05325692398518,0.249129777057898,22.7,1.57093425605536,260.85,7.72888888888889,1279.3,152.80074,1943.12,0.9907,3.61095793717015,2.05640330483778,0.8122561100882,0.185545620643096,0.636304062909568,0.706560816001511,0.427086974428656,2.13756346738745,0.285915299862895,50.7430347574605,34.2011729985381,14.5427749465719,0.0024380711749968,-14.935,1.1459346363471008,-0.031273049001146025
11528700,3.70608213552361,3.58440767967146,0.967168980232284,-1.15290179155976,0.271305322327506,23.95,1.57565789473684,264.95,8.67266775777414,1019.07,107.62195,1980.08,0.9905,3.42524494871016,1.66872963867004,0.81336258475843,0.127174131416846,1.03259452411995,0.857008208712057,0.429199595946295,1.83085005751472,0.355624692924327,47.7096783254747,32.4660187841343,18.7739332007155,0.0,-15.5936,1.494623474309172,-0.12983607274454
11532500,5.58464202600958,2.32076887063655,0.415562691364628,-1.01985500319712,0.0485353765496996,20.65,1.57034220532319,239.9,6.79603399433428,725.07,112.11076,1577.96,0.9993,3.62813886217083,1.57551621841601,0.814102720066942,0.116730442918013,0.937226857369885,0.918783592812431,0.43913172631852,1.29638490086552,0.413826634601308,39.2859934904475,34.1279728888873,26.6093760952581,0.0,-14.8472,2.668356561113949,-0.01459810245365245
12040500,8.15461190965092,1.89909648186174,0.232886187951406,-0.771170718407054,0.0670917839751389,12.1,1.36723163841808,170.35,4.36235595390525,437.01,96.58146,1153.44,0.9969,3.75000349855693,2.28235348495114,0.825804039691266,0.169795889872185,2.58152173913043,1.16652077874719,0.44113361508508,1.41902348339833,0.466883556696625,37.5346978723881,38.1553656136363,16.8592554424729,0.0,-14.5632,3.71696412765504,0.03460812238535771
12189500,5.89993292265572,2.03054709103354,0.344164436723721,-0.768302049675756,0.457875714546575,11.4,1.52,175.8,4.688,1206.01,197.12231,1855.32,0.9465,3.1796409320158,2.27343792699089,0.759429530502437,0.272276270130561,0.907344282615432,1.50000001490116,0.428301585945851,2.30373832084597,0.245838422981656,19.8479278272166,14.6830794062579,4.70332263666252,0.0,-13.8887,2.8559453516580846,-0.006731500994144879
12358500,3.33040109514031,2.21818268309377,0.666040701923417,-0.370059048673505,0.558849303987327,9.9,1.3469387755102,192.7,4.20283533260633,1559.24,106.51262,2939.19,0.7376,2.46772009188513,1.85058932592079,0.681864939869034,0.290454496127149,0.700782778864971,1.49882713617687,0.43116433489767,1.88154961325092,0.611265392686244,47.5106901172963,35.9944502133443,15.7829846253236,0.153544319486106,-14.155,1.51620682966958,-0.04386549029377107
12414500,3.66243531827515,2.32506720054757,0.634841846611116,-0.687245777223829,0.549797432841109,14.3,1.40196078431373,204.4,4.87828162291169,1381.41,104.37793,2678.97,0.9997,4.03768488914987,2.93014359029003,0.85749641762753,0.290844547862601,0.642018268812527,1.50000001490116,0.447707936572422,1.36424152233674,0.631563191887287,37.0497468858186,42.0227793076484,11.3127362517897,0.0,-15.0861,1.5706662932646167,0.04382766023817797
13023000,2.35744284736482,3.07762091718001,1.30549121079233,-0.46263685443009,0.646858624758436,16.6,1.30708661417323,235.15,5.1795154185022,2441.62,98.50956,1161.93,0.6753,1.87364157511906,1.40980701215549,0.611180655898969,0.287211108638697,0.705352411234764,1.07452455282309,0.437135638745775,1.64702142461193,0.439397327209317,41.6266616872598,37.6859639662134,17.9117725388913,0.216480807479054,-14.127,1.0549553540855314,-0.014436086254755232
13235000,2.56698699520876,2.6835810403833,1.04542058272682,-0.810877697022429,0.677895075896552,21.25,1.55109489051095,256.75,6.37096774193548,2075.34,126.24587,1163.23,0.8604,1.43593824094104,0.995221402904156,0.514688061224127,0.208678313868378,0.440083725798012,1.46998840090386,0.422665523012559,2.04377095670885,0.594184236472063,55.4553569389026,19.0218412785734,6.38631528115382,0.0,-14.0367,0.8499185961492995,-0.04113582684421635
13337000,3.58831759069131,2.32941932922656,0.649167547284404,-0.581498861419649,0.56457032594174,11.9,1.36,194.5,4.726609963548,1548.18,120.82851,3053.42,0.9726,3.46497736572959,2.54498084919373,0.799287303086475,0.297921204290153,0.62545594163947,1.46798627341446,0.446817295234517,1.39131611027103,0.514928520280282,32.4107519389209,32.4641391166284,8.62481514882723,0.0,-14.0656,1.4606986962489776,-0.0038269769977223866
13338500,2.32584257357974,2.25571330595483,0.9698478012134,-0.26850891920809,0.360817479170443,11.65,1.24598930481283,213.85,4.69484083424808,1418.36,110.2649,3027.0,0.8078,3.27154259451552,2.39396180377729,0.781083469477035,0.287994831510102,0.870519098922625,1.23257700466935,0.474240368814627,0.786380006957829,0.506893259487714,17.6342321874596,30.7114672029069,12.3084114257157,0.0,-13.7088,1.0382398489392555,0.0029856737325516525
13340000,2.94363997262149,2.3371293908282,0.793958980230467,-0.463349278100039,0.455800484484002,9.7,1.36619718309859,192.6,4.75555555555556,1457.99,113.85035,14268.92,0.8441,3.20826048692301,2.32855320545126,0.768382832643968,0.285570662555941,1.0771982364196,1.35459314524308,0.458446946124168,1.04135257570659,0.530334565181185,27.0733608323416,35.5015660564685,12.2318014503849,0.0,-13.7311,1.3415713003681309,0.00011807830120624807
13340600,3.77449828884326,2.2672665982204,0.600680255948726,-0.658674083920393,0.557400052443158,13.75,1.33495145631068,204.4,4.75348837209302,1417.79,109.15233,3354.62,0.998,3.97199590813066,2.93663144884478,0.852585517842381,0.316486241962141,0.649790502793296,1.50000001490117,0.447284511067924,1.41544820679357,0.556632157895199,32.4062354732201,37.7988624090316,10.2841810511538,0.0,-14.101,1.70398708716543,0.020560724964727828
14301000,5.81921697467488,2.83810260095825,0.487712112009161,-0.872838457545653,0.0324798903206775,12.05,1.68531468531469,179.5,5.35820895522388,375.21,62.14889,1743.54,0.963,4.4742332737377,2.53866691857648,0.871688745461061,0.143892428782989,1.26945293917771,1.09768104553573,0.466203219718451,0.869890749310333,0.503947525349995,22.0105448341579,57.6958590854175,20.1935575793886,0.0,-14.6236,3.024729107952106,0.022249594955465635
