basin_id,NSE_LSTM_135,NSE_CNN_LSTM_135,p_mean,pet_mean,p_seasonality,frac_snow,aridity,high_prec_freq,high_prec_dur,high_prec_timing,low_prec_freq,low_prec_dur,low_prec_timing,geol_1st_class,glim_1st_class_frac,geol_2nd_class,glim_2nd_class_frac,carbonate_rocks_frac,geol_porostiy,geol_permeability,q_mean,runoff_ratio,slope_fdc,baseflow_index,stream_elas,q5,q95,high_q_freq,high_q_dur,low_q_freq,low_q_dur,zero_q_freq,hfd_mean,huc_02,gauge_name,soil_depth_pelletier,soil_depth_statsgo,soil_porosity,soil_conductivity,max_water_content,sand_frac,silt_frac,clay_frac,water_frac,organic_frac,other_frac,gauge_lat,gauge_lon,elev_mean,slope_mean,area_gages2,area_geospa_fabric,frac_forest,lai_max,lai_diff,gvf_max,gvf_diff,dom_land_cover_frac,dom_land_cover,root_depth_50,root_depth_99
1013500,0.726054916,0.81324251,3.126678987,1.971554511,0.187940259,0.313440357,0.630558659,12.95,1.348958333,son,202.2,3.427118644,mam,Siliciclastic sedimentary rocks,0.815904447,Basic volcanic rocks,0.179729452,0,0.1714,-14.7019,1.699154508,0.543437467,1.528218535,0.585225956,1.845324162,0.241106126,6.373021397,6.1,8.714285714,41.35,20.17073171,0,207.25,1,"Fish River near Fort Kent, Maine",7.404761905,1.248407925,0.461148751,1.106522476,0.558054827,27.84182729,55.15694003,16.27573172,5.37669779,0.408716765,0,47.23739,-68.58264,250.31,21.64152,2252.7,2303.95,0.9063,4.167303946,3.340731859,0.80456742,0.371648163,0.883451919,    Mixed Forests,,
1030500,0.579192963,0.750378562,3.274405202,2.043593566,0.047358189,0.277018403,0.624111385,17.15,1.207746479,son,215.6,3.514262429,djf,Siliciclastic sedimentary rocks,0.573305401,Metamorphics,0.287010006,0.052140094,0.1178,-14.4918,1.820107544,0.555858983,1.871110406,0.508440713,1.377505203,0.107149197,6.854886504,12.25,7.205882353,89.25,19.40217391,0,184.9,1,"Mattawamkeag River near Mattawamkeag, Maine",19.01141439,1.461363195,0.459090984,1.289807346,0.653019781,32.23545843,51.77918225,14.77682378,1.634344862,1.330277588,0.022016102,45.50097,-68.30596,143.8,12.79195,3676.17,3676.09,0.8782,4.685199719,3.665542964,0.858502041,0.35139339,0.975257986,    Mixed Forests,,
1144000,0.340749347,0.393120825,3.420859685,2.157740342,0.191150164,0.248466349,0.630759675,19.05,1.133928571,jja,225.15,3.315905744,mam,Metamorphics,0.663469278,Carbonate sedimentary rocks,0.32370672,0.32370672,0.0273,-13.3802,1.858755088,0.543359056,1.519482275,0.562748927,1.72902621,0.237791662,5.983056874,5.8,1.8125,42,10.12048193,0,181.5,1,"WHITE RIVER AT WEST HARTFORD, VT",2.106799451,1.348786704,0.436028932,1.876624414,0.566679606,44.9595193,41.25753101,13.08239523,0,0,0.53283543,43.71424,-72.41815,459.8,60.29261,1790.24,1780.65,0.9813,5.164034451,4.495081274,0.897221568,0.492946827,0.731155977,    Deciduous Broadleaf Forest,0.196029823,1.97766995
1543500,0.496602711,0.789672976,3.4089295,2.283926448,0.170438379,0.181653611,0.669983479,17.1,1.092651757,jja,210.65,3.022238164,son,Siliciclastic sedimentary rocks,1,,0,0,0.2146,-14.3537,1.630548211,0.478316789,1.796690946,0.482957364,2.05031437,0.06191215,5.679407877,8.45,2.139240506,89.8,15.75438596,0,163.75,2,"Sinnemahoning Creek at Sinnemahoning, PA",1.020021452,1.455897777,0.448123663,1.353188264,0.635270959,35.59339992,47.29924085,17.11813287,0,0,0,41.31728,-78.10306,547.44,31.28232,1778.26,1778.96,0.9878,5.123423743,4.570163491,0.894548372,0.524107205,0.995011744,    Deciduous Broadleaf Forest,0.189950117,1.997505872
1548500,0.480181588,0.608373796,3.153345654,2.271782218,0.179163893,0.20208863,0.720435521,18.1,1.120743034,jja,221,3.177570093,son,Siliciclastic sedimentary rocks,1,,0,0,0.2004,-14.8083,1.435443596,0.455212892,1.728198894,0.494162983,1.107207974,0.084849606,5.012411927,8.9,2.507042254,88.7,16.42592593,0,162.2,2,"Pine Creek at Cedar Run, PA",1.029566626,1.339110992,0.455161395,1.221725203,0.571262014,29.48293235,50.45132375,14.67219303,0,0,5.4792987,41.52174,-77.44748,546.71,39.14167,1557.05,1557.98,0.9866,4.780098633,4.2352819,0.87675881,0.508506796,0.862382493,    Deciduous Broadleaf Forest,0.188623825,1.931191247
1552000,0.258274202,0.479157163,3.476997947,2.311664175,0.153983559,0.173059123,0.664844849,18.55,1.170347003,son,224.9,3.407575758,son,Siliciclastic sedimentary rocks,1,,0,0,0.2093,-14.4365,1.719249671,0.494463815,1.670861145,0.510549498,1.214325391,0.110470525,5.458543568,6.35,1.716216216,67.15,13.2970297,0,150.15,2,"Loyalsock Creek at Loyalsockville, PA",3.89556429,1.454987015,0.451261463,1.332821341,0.628217325,33.44363478,50.04951843,15.41812417,0,0,1.171333955,41.32508,-76.91246,461.43,37.27533,1129.49,1129.55,0.9911,4.969154779,4.376224239,0.885104673,0.48687381,0.945647482,    Deciduous Broadleaf Forest,0.189456475,1.972823741
1606500,0.561022097,0.602699134,3.36347707,2.499055975,0.09955384,0.148750519,0.742997774,17,1.192982456,mam,214.95,3.398418972,son,Siliciclastic sedimentary rocks,0.653422514,Carbonate sedimentary rocks,0.218157716,0.218157716,0.1651,-14.1648,1.210237022,0.359817236,1.704381343,0.518890696,2.073786314,0.113284196,4.197324702,11,2.417582418,90.35,15.31355932,0,171.85,2,"SO. BRANCH POTOMAC RIVER NR PETERSBURG, WV",0.950409996,0.94351507,0.445370004,1.361674588,0.388659077,36.48168771,42.44837078,16.68095777,0,0,2.873438394,38.99122,-79.17587,836.38,75.86214,1684.55,1686.61,0.9336,4.778170216,4.198566914,0.868890746,0.489592693,0.939353305,    Deciduous Broadleaf Forest,0.189393533,1.969676653
1664000,0.590386362,0.603558401,3.149028063,2.572003806,0.174188172,0.082796426,0.816761157,22.25,1.202702703,son,255.55,4.452090592,son,Metamorphics,0.526435603,Acid plutonic rocks,0.205444346,0.00052622,0.036,-13.969,1.115832729,0.354341945,1.74536115,0.565654913,1.62412646,0.059750646,3.289334015,5.9,1.573333333,70.65,13.33018868,0,170,2,"RAPPAHANNOCK RIVER AT REMINGTON, VA",1.049979347,1.304297778,0.44579841,1.20194558,0.572554863,36.1754662,42.73926435,21.16872343,0,0,0,38.53068,-77.8136,216.1,30.32647,1605.1,1604.64,0.7519,4.438354026,3.838439697,0.854354476,0.473973206,0.542241246,    cropland/natural vegetation mosaic,0.184577588,1.728879377
1667500,0.543311608,0.601424288,3.207982204,2.688156482,0.178906478,0.078811793,0.837958664,21.9,1.230337079,son,255.3,4.463286713,son,Metamorphics,0.342850107,Siliciclastic sedimentary rocks,0.308524044,0.001812215,0.0758,-14.1348,1.158654251,0.361178516,1.570911249,0.563942018,1.985145399,0.117298104,3.393555499,5.75,1.474358974,59.45,11.65686275,0,168,2,"RAPIDAN RIVER NEAR CULPEPER, VA",1.067032967,1.300943566,0.45187562,1.039237257,0.563297927,30.77003651,44.54503793,21.80308014,0,0,2.6350864,38.35041,-77.975,193.47,23.44026,1209.75,1210.75,0.8033,4.112693994,3.466561583,0.832885554,0.443615627,0.681016912,    cropland/natural vegetation mosaic,0.183189831,1.659491544
2016000,0.549083921,0.688187322,3.144814511,2.573819685,0.100530523,0.102077363,0.818432908,21.55,1.210674157,mam,243.8,4.076923077,son,Siliciclastic sedimentary rocks,0.747767083,Mixed sedimentary rocks,0.251907257,0.000309371,0.1715,-15.2353,1.155712916,0.36749796,1.501722489,0.497768563,1.795241115,0.16180107,3.846359612,12.3,1.952380952,74.85,15.2755102,0,170.3,2,"COWPASTURE RIVER NEAR CLIFTON FORGE, VA",1.013858093,0.884824262,0.437259278,1.640193786,0.379562056,43.34104447,39.87834933,16.74713105,0,0,0,37.7918,-79.75949,645.04,66.42056,1194.55,1194.92,0.9317,5.088656113,4.385441166,0.883890083,0.459359315,0.970437567,    Deciduous Broadleaf Forest,0.190864348,2.00013272
2051500,0.576408272,0.658324797,3.190273785,2.976969035,0.120039306,0.052551497,0.933139046,23.25,1.159600998,jja,260.85,4.612732095,son,Metamorphics,0.581439835,Acid plutonic rocks,0.346672892,0,0.0114,-14.0727,0.820122283,0.257069562,1.50590977,0.469506285,1.270925467,0.051373103,2.774147576,13.9,1.878378378,90.9,15.15,0,164.35,3,"MEHERRIN RIVER NEAR LAWRENCEVILLE, VA",1.096698113,1.500000015,0.451511689,0.730584077,0.671515642,27.7843376,22.04164439,37.93122091,0,0,0,36.71681,-77.83166,113.4,6.85615,1428.71,1432.41,0.9081,4.907576012,3.672039237,0.854645475,0.325520228,0.616568024,    Mixed Forests,0.223064566,2.078484074
2108000,-0.124303493,0.819603732,3.810368241,3.207837536,0.275438917,0.009281926,0.841870741,21.2,1.288753799,jja,261.05,4.772394881,son,Unconsolidated sediments,0.931107646,Carbonate sedimentary rocks,0.068892354,0.068892354,0.209,-12.9173,1.1255423,0.295389377,1.771085528,0.500014585,1.95289241,0.045206496,3.660167304,8.65,5.766666667,92.7,16.12173913,0,175.45,3,"NORTHEAST CAPE FEAR RIVER NEAR CHINQUAPIN, NC",29.43752759,1.500000015,0.409908983,2.972384238,0.599144559,62.16134105,18.70369867,15.21899388,0,0.411204927,3.487812806,34.82889,-77.83222,31.61,3.14028,1569.48,1550.74,0.4232,2.637028498,1.982284258,0.718475187,0.315517397,0.64419068,    cropland/natural vegetation mosaic,0.178309709,1.566019388
2196000,0.780630269,0.690831498,3.324466804,3.905832923,-0.016823088,0.014697823,1.174874996,22.45,1.197333333,djf,261.5,4.842592593,son,Metamorphics,0.820199338,Acid plutonic rocks,0.137584165,0,0.0141,-14.0784,0.573991447,0.172656694,1.109697967,0.323145981,3.364532587,0.006427477,2.223559478,32,2.735042735,169.15,17.34871795,0,152.55,3,"STEVENS CREEK NEAR MODOC, SC",1.312935323,1.368780499,0.457560712,0.756915954,0.616410489,24.29309174,37.50825033,32.80729352,0,0,2.662367687,33.7293,-82.18179,142.19,7.2448,1408.38,1408.7,0.8727,4.767695046,3.233098395,0.831350353,0.223176769,0.590810227,    Mixed Forests,,
2231000,0.332415991,0.432743041,3.719431896,3.404872621,0.41435934,0.000235918,0.91542814,20.9,1.247761194,jja,252.65,5.156122449,mam,Unconsolidated sediments,0.93911029,Siliciclastic sedimentary rocks,0.060707547,0,0.2217,-13.0101,0.760262707,0.204402911,1.416711352,0.43557826,2.584760002,0.032184971,2.865861755,31.15,8.774647887,146.65,26.1875,0,191.9,3,"ST. MARYS RIVER NR MACCLENNY, FLA.",48.93482528,1.500000015,0.44265819,6.20428566,0.711252876,72.56257818,9.184591914,7.058762218,0.195359754,10.94283177,0,30.35885,-82.0815,38.71,2.187,1748.37,1857.37,0.9529,4.252831577,2.068181253,0.792546022,0.091897363,0.52305775,    Woody Savannas,0.180595722,2.301808536
2314500,0.128396061,0.326174792,3.651924709,3.477918275,0.269695206,0.00024965,0.95235213,22.3,1.24929972,jja,259.35,5.282077393,mam,Unconsolidated sediments,0.999496119,Water bodies,0.000503881,0,0.2543,-11.7986,0.597203342,0.163531121,1.949279475,0.585453008,2.392996194,0.008837321,2.363983415,25.75,22.39130435,142.65,66.34883721,0,180.9,3,"SUWANNEE RIVER AT US 441, AT FARGO, GA",49.35549208,1.500000015,0.460463657,6.244149799,0.736503071,69.06050547,9.49681068,7.060898107,0,14.21319165,0,30.68056,-82.56056,42.05,1.56449,3322.15,2808.45,0.9741,4.758160594,2.42066749,0.826093239,0.093829071,0.57884542,    Evergreen Broadleaf Forest,,
2315500,0.130535362,0.407718439,3.667278576,3.708536345,0.277035736,0.000242633,1.011250241,21.05,1.260479042,jja,249.65,5.018090452,mam,Unconsolidated sediments,0.866708418,Siliciclastic sedimentary rocks,0.132503555,0,0.2452,-12.269,0.592680943,0.161613286,1.751108832,0.571318502,3.049390965,0.008771575,2.598778312,27.75,26.42857143,148.05,63,0,179.7,3,"SUWANNEE RIVER AT WHITE SPRINGS, FLA.",49.48298899,1.500000015,0.445258535,5.919934215,0.713497755,71.20987167,9.801372895,7.50969086,0.156882262,11.16097883,0,30.32578,-82.73818,39.99,2.02123,6136.26,5915.63,0.9266,4.820207649,2.400555376,0.82740955,0.088726278,0.523680646,    Evergreen Broadleaf Forest,,
2350900,0.572786481,0.760164198,3.635820671,3.156484257,-0.050833315,0.001767718,0.868162801,22.1,1.238095238,djf,269.05,5.291052114,son,Unconsolidated sediments,0.911789317,Siliciclastic sedimentary rocks,0.076778876,0.010165332,0.2325,-12.5837,0.95061719,0.261458767,1.668211263,0.622683344,1.911898861,0.134773852,2.813762604,3.15,3,43.35,11.71621622,0,162.3,3,"KINCHAFOONEE CREEK NEAR DAWSON, GA",1.196635121,1.500000015,0.406461771,2.991529071,0.599086314,64.54191974,16.854672,18.61811524,0,0,0,31.76444,-84.25333,139.77,6.74759,1365.12,1365.59,0.3941,3.233226824,2.264989101,0.728975209,0.258408939,0.786239606,    Woody Savannas,0.167882773,1.710750257
2361000,0.566581309,0.269397252,3.958042437,3.290583162,-0.035943093,0.001512442,0.831366317,21.4,1.222857143,djf,262.95,5.037356322,son,Unconsolidated sediments,0.724140834,Siliciclastic sedimentary rocks,0.21960592,0,0.1628,-14.2703,1.214117336,0.306746922,1.521788714,0.567095277,1.518807335,0.141718219,3.471547072,5.35,2.547619048,55.3,12.71264368,0,164.35,3,"CHOCTAWHATCHEE RIVER NEAR NEWTON, AL.",3.890288501,1.500000015,0.408211546,2.97038735,0.613367057,63.35998752,18.19097731,18.42505777,0,0,0,31.34295,-85.61049,117.14,8.27039,1781.61,1779.3,0.4408,2.974113056,2.133473151,0.718239357,0.272116451,0.847737576,    Woody Savannas,0.164080294,1.68285524
2363000,0.813350104,0.625992951,3.960396988,4.171311253,-0.056416304,0.002655656,1.053255839,22.85,1.199475066,mam,269.8,5.114691943,son,Unconsolidated sediments,0.998605882,Siliciclastic sedimentary rocks,0.001393744,0,0.2022,-13.169,1.084461805,0.27382654,1.978190539,0.494044553,1.733570419,0.037857743,3.516984289,11.7,3.9,111.55,17.99193548,0,163,3,PEA RIVER NEAR ARITON AL,3.628460687,1.500000015,0.415416454,2.624152502,0.597949805,58.04609929,21.61303108,16.70618395,0,0.336284989,3.248939805,31.59489,-85.783,135.39,7.57689,1292.51,1292.62,0.635,3.791460863,2.76864162,0.774037909,0.283771537,0.871291649,    Woody Savannas,0.171583752,1.790095845
2371500,0.855715736,0.821201019,3.969983573,3.147583012,-0.045316595,0.00401714,0.792845349,22.4,1.188328912,djf,264.55,4.991509434,son,Unconsolidated sediments,0.980385221,Carbonate sedimentary rocks,0.011947483,0.011947483,0.2036,-13.1163,1.153419362,0.290535046,1.834661026,0.523492856,1.486906495,0.064344223,4.049901119,10.1,3.960784314,102.15,20.02941176,0,164.7,3,CONECUH RIVER AT BRANTLEY AL,5.055681818,1.500000015,0.420600746,2.110549983,0.555049986,50.0424856,21.5632807,16.63241883,0,0.240425046,11.46526961,31.5735,-86.25162,125.86,7.42604,1292.79,1257.42,0.6862,4.165486374,2.972156698,0.792318914,0.259565777,0.789594918,    Woody Savannas,0.177476136,1.828508002
2372250,0.83376741,0.770079582,3.983117043,3.144459986,-0.05689921,0.003475999,0.789447047,22.65,1.217741935,djf,263.65,4.993371212,son,Unconsolidated sediments,0.984187427,Carbonate sedimentary rocks,0.015812573,0.015812573,0.2051,-12.9898,1.222512477,0.306923564,1.668065193,0.507875007,1.57345359,0.070499112,4.144493249,9.2,3.538461538,91.85,14.93495935,0,159.7,3,PATSALIGA CREEK NEAR BRANTLEY AL,6.172392255,1.500000015,0.415416335,2.547808131,0.586147436,56.65548832,23.10529791,15.33582641,0,0,4.874723358,31.59627,-86.40552,122.94,7.29973,1145.22,1145.56,0.7608,4.244446673,3.020283295,0.799280965,0.257429146,0.88433214,    Woody Savannas,0.170410107,1.780967502
2472000,0.782474945,0.81237249,4.158402464,3.167661807,-0.163583172,0.006014722,0.761749695,23.2,1.211488251,djf,259.85,4.861552853,son,Unconsolidated sediments,0.903489166,Carbonate sedimentary rocks,0.096510834,0.096510834,0.2287,-12.0405,1.326192175,0.318918668,1.185524687,0.406862412,2.691424001,0.110450293,5.535210068,30.2,4.081081081,125.3,15.76100629,0,152.95,3,"LEAF RIVER NR COLLINS, MS",12.31992551,1.500000015,0.439656583,1.023221933,0.645530193,37.81467283,31.75594823,29.05431532,0,0,1.339836786,31.70694,-89.40694,123.24,6.76654,1927.13,1927.67,0.6696,4.809203602,3.299962448,0.829551427,0.214407129,0.670563065,    Mixed Forests,0.220350676,2.169394146
2479300,0.646370782,0.69315444,4.618568104,3.213012129,0.01008665,0.000741287,0.695672783,20.5,1.198830409,djf,247.9,4.744497608,mam,Unconsolidated sediments,1,,0,0,0.2367,-12.4162,1.771995435,0.383667707,1.256561817,0.507678142,1.637319767,0.307906728,6.607165212,12.55,3.217948718,34,10.625,0,162.4,3,"RED CREEK AT VESTRY, MS",34.92307692,1.500000015,0.42510289,2.040442244,0.617727034,51.61955518,30.45565076,17.83065318,0.194983538,0,0,30.73611,-88.78111,65.19,5.84957,1144.2,1153.42,0.8895,4.636248854,2.770273658,0.812993083,0.148993865,0.637626278,    Woody Savannas,0.176696024,2.144672943
2479560,0.700597669,0.732302097,4.649990418,3.185097139,-0.024360522,0.000888184,0.684968538,20.1,1.292604502,djf,247.05,4.882411067,son,Unconsolidated sediments,1,,0,0,0.2379,-12.3745,1.768435023,0.380309391,1.594108039,0.494979431,1.792170676,0.196825575,6.389260981,11.8,3.6875,73.55,11.14393939,0,159.1,3,ESCATAWPA RIVER NEAR AGRICOLA MS,30.44175716,1.500000015,0.42102923,2.298826722,0.626086381,54.73792918,28.2615551,16.87273044,0,0,0,30.80908,-88.45863,64.68,6.14661,1454.33,1455.83,0.8849,4.447172661,2.670800374,0.803758745,0.15662867,0.7914111,    Woody Savannas,0.174224699,1.90059185
3069500,0.578984856,0.711304552,4.073518138,2.446327611,0.068516371,0.19464463,0.60054418,13.15,1.163716814,jja,190.2,2.834575261,son,Siliciclastic sedimentary rocks,0.859052474,Carbonate sedimentary rocks,0.138111209,0.138111209,0.168,-14.8012,2.448185653,0.601000307,1.797236022,0.474430153,1.577289216,0.13439465,8.245507049,6.45,1.535714286,80.2,10.55263158,0,165.75,5,"CHEAT RIVER NEAR PARSONS, WV",1.07180757,0.979106582,0.454406493,1.105582964,0.407023627,27.92275461,47.43425335,17.65308461,0,0,6.980664863,39.12288,-79.68117,961.46,63.79304,1856.85,1853.2,0.9408,4.725590864,4.12217043,0.875594119,0.491650008,0.963433053,    Deciduous Broadleaf Forest,0.191284735,2.002936013
3164000,0.504048896,0.446522942,3.740510609,2.668293854,0.101946052,0.083995897,0.713350163,19.7,1.172619048,mam,235.4,3.966301601,son,Metamorphics,0.720980819,Acid plutonic rocks,0.200737153,0,0.0225,-14.0123,1.545479201,0.413173324,1.380941382,0.690426959,2.056072301,0.445940705,3.736886997,1.65,1.375,2.75,6.875,0,174.5,5,"NEW RIVER NEAR GALAX, VA",1.044690164,1.407256425,0.438833683,1.399941418,0.610181699,40.98691384,37.45518223,21.52675625,0,0,0,36.64735,-80.97897,766.6,45.80251,2952.74,2963.7,0.9348,4.622543234,3.809423087,0.85271197,0.411461621,0.684223332,    Deciduous Broadleaf Forest,0.18727402,1.847663213
3182500,0.709481087,0.700071311,3.55233128,2.51935243,0.037523012,0.170253081,0.709211003,17.7,1.164473684,mam,212.8,3.219364599,son,Siliciclastic sedimentary rocks,0.866232228,Carbonate sedimentary rocks,0.096810833,0.096810833,0.1711,-14.9304,1.672218228,0.470738255,1.909879456,0.451749432,1.358595519,0.068469773,6.004548142,12.6,1.8,110.85,14.58552632,0,161.8,5,"GREENBRIER RIVER AT BUCKEYE, WV",1.121256039,0.920461239,0.453842923,1.169191412,0.385822585,30.03537253,48.01093826,16.89598847,0,0,4.366649497,38.18595,-80.13062,934.51,59.7077,1364.97,1364.86,0.9922,4.78690397,4.16475596,0.874162207,0.48408969,0.996738323,    Deciduous Broadleaf Forest,0.190195701,2.001304671
3213700,0.761739376,0.812948972,3.475412731,2.612382957,0.10480716,0.07309548,0.751675602,18.1,1.152866242,jja,222.3,3.386138614,son,Siliciclastic sedimentary rocks,0.984140621,Mixed sedimentary rocks,0.010590112,0.005269266,0.1735,-15.4761,1.132436016,0.325842167,1.849264789,0.560447907,1.875423939,0.120055788,3.569389739,7.25,1.907894737,75.35,13.82568807,0,176.4,5,"TUG FORK AT WILLIAMSON, WV",1.023604554,1.031989533,0.440136455,1.56730564,0.428669273,39.53702166,37.86266527,17.4316345,0,0,3.775823657,37.67316,-82.28014,611.92,37.9826,2425.06,2431.37,0.9792,5.006928751,4.524570597,0.880496661,0.550141115,0.998970412,    Deciduous Broadleaf Forest,0.189989704,1.999485206
3237500,0.511051677,0.687705725,3.226532512,2.552859192,0.060616662,0.078710402,0.791208265,20.8,1.139726027,mam,239.5,3.736349454,son,Mixed sedimentary rocks,0.646418702,Carbonate sedimentary rocks,0.215456675,0.215456675,0.1088,-15.4558,1.189695216,0.368722525,1.354171335,0.301729363,1.610598447,0.006096868,5.072594108,35.8,2.182926829,164.4,15.29302326,0,159.4,5,Ohio Brush Creek near West Union OH,4.26030085,1.301967423,0.470709503,0.599793128,0.586385256,14.54224207,48.24565485,30.80677874,0,0,6.348817472,38.80368,-83.42102,272.36,14.22302,1003.21,1001.42,0.5206,2.996646651,2.569785494,0.7611211,0.444266573,0.900924035,    cropland/natural vegetation mosaic,0.18099076,1.549537983
3281500,0.789829114,0.866687013,3.801241615,2.671624189,0.041789963,0.044067881,0.702829354,19.5,1.185410334,mam,236.5,3.867538839,son,Siliciclastic sedimentary rocks,0.990075438,Unconsolidated sediments,0.009924562,0,0.1378,-16.1537,1.420856151,0.373787382,1.704948805,0.409674322,1.949819655,0.017302326,5.204007346,18.85,2.312883436,126.45,14.78947368,0.001505818,158.75,5,"SOUTH FORK KENTUCKY RIVER AT BOONEVILLE, KY",1.094104724,1.012923557,0.460345086,0.887002972,0.477285125,24.9496483,50.42441817,24.93625335,0,0,0,37.47981,-83.67519,376.49,21.8686,1838.22,1836.71,0.9654,5.204473621,4.700807553,0.89217853,0.544715297,0.978481972,    Deciduous Broadleaf Forest,0.18978482,1.989240986
3300400,0.812451312,0.817900559,3.457906913,2.700828912,0.011870119,0.053766408,0.781058883,21.45,1.208450704,mam,248.5,4.141666667,son,Mixed sedimentary rocks,0.796357745,Carbonate sedimentary rocks,0.195243528,0.195243528,0.1084,-15.5792,1.366464934,0.395171116,1.398964966,0.288199325,2.097366322,0.001196645,6.520848536,33.05,2.24829932,161.2,17.24064171,0.003148528,157.4,5,"BEECH FORK AT MAUD, KY",1.228267297,0.929417455,0.475480234,0.450375911,0.372513747,8.183858245,38.34472831,33.88757839,0,0,19.75558008,37.83284,-85.29607,254.43,9.33197,1128.58,1128.54,0.4901,3.208154088,2.664235959,0.765662216,0.411730711,0.857701637,    cropland/natural vegetation mosaic,0.180083325,1.504166238
3604000,0.581254109,0.603530108,4.350184805,2.964370637,-0.13423566,0.025599076,0.681435564,21.9,1.255014327,mam,249,4.623955432,son,Siliciclastic sedimentary rocks,0.752180992,Carbonate sedimentary rocks,0.219200661,0.219200661,0.1097,-15.3696,1.691097009,0.388741418,1.150907726,0.567560716,1.449055622,0.387066456,4.396570071,6.6,1.783783784,6.9,7.263157895,0,160.15,6,"BUFFALO RIVER NEAR FLAT WOODS, TN",1.109929078,1.500000015,0.471847063,0.658551463,0.702848331,15.99813457,55.86264814,28.20428502,0,0,0,35.49591,-87.8328,269.53,10.29605,1163.03,1163.35,0.8342,3.981007592,3.372219091,0.809738429,0.424238292,0.541456499,    Deciduous Broadleaf Forest,0.186930574,1.790219793
4024430,0.443447239,0.499047098,2.233154004,2.011562724,0.682954738,0.160866759,0.900772056,22.25,1.332335329,jja,261.25,5.107526882,djf,Siliciclastic sedimentary rocks,0.640746401,Basic volcanic rocks,0.316238335,0,0.1771,-13.3583,0.80300631,0.359583938,1.294472733,0.464912934,1.301335115,0.103131707,3.156727027,21.25,3.728070175,83.3,17.91397849,0,204.2,4,"NEMADJI RIVER NEAR SOUTH SUPERIOR, WI",34.95425532,1.500000015,0.462371799,1.347702704,0.71358548,48.43114603,21.11029835,21.54892439,0,8.63724772,0,46.63327,-92.09408,343.48,6.93316,1091.25,1094.55,0.9961,4.812078908,4.315755062,0.871377272,0.536352906,0.441343739,    cropland/natural vegetation mosaic,0.204755335,1.907119946
4027000,0.593316675,0.777175965,2.423422313,2.052686804,0.459768532,0.235000085,0.84701985,18.95,1.199367089,jja,240.2,3.803642122,mam,Siliciclastic sedimentary rocks,0.349075277,Basic volcanic rocks,0.220100736,0,0.0963,-13.9437,0.849859362,0.350685622,0.988985926,0.508959239,1.532043262,0.15405791,3.020743335,14.05,4.014285714,25.2,11.2,0,195.7,4,"BAD RIVER NEAR ODANAH, WI",24.22424242,1.500000015,0.4255295,1.53489496,0.625443214,50.65984901,28.39837535,20.36084888,0,0,22.18722649,46.48661,-90.6963,425.75,9.36771,1619.85,1547.15,0.9959,5.171131748,4.659475141,0.897480744,0.546740232,0.494047413,    Mixed Forests,0.217832861,2.107119768
4045500,0.805934191,0.752110062,2.564099932,2.793217604,0.143003213,0.300079815,1.089355984,15.95,1.172794118,son,214.05,3.643404255,mam,Carbonate sedimentary rocks,0.693629564,Siliciclastic sedimentary rocks,0.253162857,0.693629564,0.0797,-13.215,1.080908761,0.42155485,1.273805854,0.641211601,0.874036151,0.288271041,3.47975177,2,8,3.2,10.66666667,0,191.7,4,"TAHQUAMENON RIVER NEAR PARADISE, MI",38.2546324,1.494518855,0.591014023,6.225620393,0.871265667,43.99131998,5.524145668,3.455282282,0,39.37270615,7.605354946,46.57502,-85.26955,236.77,6.40846,1909.59,1967.44,0.982,4.703177699,3.91809303,0.867085121,0.414174894,0.965990118,    Mixed Forests,0.247740656,2.375458516
4056500,0.823509677,0.654022783,2.396021903,2.035150418,0.208487829,0.277927594,0.849387234,17.05,1.192307692,son,224.4,3.780960404,mam,Carbonate sedimentary rocks,0.757852576,Siliciclastic sedimentary rocks,0.183082225,0.757852576,0.0767,-12.8981,1.101840785,0.459862568,1.050671984,0.714605787,1.023994846,0.382862675,2.956596798,0.6,6,0,0,0,189.6,4,"MANISTIQUE RIVER NEAR MANISTIQUE, MI",42.70918678,1.490581162,0.558548354,9.395791092,0.861233856,54.66127217,5.318927501,2.479388688,2.119490778,33.56487228,3.101766896,46.03053,-86.16125,232.99,4.97773,2945.89,2984.03,0.9888,4.398002519,3.728642179,0.826760401,0.42919931,0.786394561,    Mixed Forests,,
4059500,0.659646898,0.81847515,2.183022587,2.334936605,0.380564371,0.235319791,1.069588844,21.45,1.236311239,jja,245.45,4.080631754,djf,Siliciclastic sedimentary rocks,0.461609619,Carbonate sedimentary rocks,0.410948191,0.410948191,0.1141,-13.6525,0.659663747,0.302179075,1.344445567,0.52720028,1.832751879,0.070234444,2.602805869,16.85,8.868421053,67.9,25.14814815,0,200.4,4,"FORD RIVER NEAR HYDE, MI",35.59413203,1.500000015,0.44444322,2.465076583,0.64422844,50.8298084,33.40041191,12.01294977,0,4.067427749,0,45.75552,-87.20152,314.09,6.07833,1184.37,1188.82,0.9954,4.804853514,4.112760295,0.876828158,0.449707172,0.919823883,    Mixed Forests,0.244399967,2.328456235
4074950,0.681711227,0.626884258,2.371895962,2.314146639,0.534512715,0.203272983,0.975652675,20.9,1.233038348,jja,250.15,4.09410802,djf,Metamorphics,0.467018502,Basic volcanic rocks,0.318967144,0,0.0426,-13.4489,0.825172259,0.347895638,0.953964071,0.782622235,0.546631403,0.381538579,1.813525924,0,0,0,0,0,199.2,4,"WOLF RIVER AT LANGLADE, WI",24.26223776,1.500000015,0.430104886,3.771587967,0.656354334,64.70811579,23.02665645,7.258524704,1.705765398,4.896313264,0,45.18997,-88.73344,482.31,7.42761,1205.53,1216.29,0.9667,4.80448883,4.252161376,0.850047378,0.49376406,0.750034751,    Mixed Forests,0.234690628,2.284441057
4122200,0.80066226,0.598232687,2.638906229,2.227664025,0.176031411,0.175430988,0.844161873,19.25,1.336805556,jja,238.4,4.089193825,jja,Siliciclastic sedimentary rocks,0.908354932,Carbonate sedimentary rocks,0.091645068,0.091645068,0.1287,-15.806,1.054247729,0.399501778,0.898937535,0.828458189,0.208667504,0.567136507,2.023487044,0,0,0,0,0,175.5,4,"WHITE RIVER NEAR WHITEHALL, MI",33.24,1.500000015,0.40421737,5.242459988,0.66586565,78.14629917,12.09857371,6.537560203,0,3.190889116,0,43.46418,-86.23257,244.61,6.17213,1048.28,1022.74,0.7431,3.695590255,3.207825181,0.793074576,0.475676368,0.501507491,    cropland/natural vegetation mosaic,0.188997674,1.775744445
4122500,0.739849172,0.616162227,2.613932923,2.211678385,0.201226998,0.184317913,0.846111377,19.6,1.328813559,jja,232.75,3.924957841,jja,Siliciclastic sedimentary rocks,0.893355049,Carbonate sedimentary rocks,0.089617752,0.089617752,0.1479,-15.4606,1.084941675,0.415061024,0.849740864,0.839461592,0.139151229,0.597403691,2.032832003,0,0,0,0,0,177.8,4,"PERE MARQUETTE RIVER AT SCOTTVILLE, MI",32.05940594,1.500000015,0.410220088,6.293160055,0.6810995,80.10591274,9.409925462,5.193356559,0,5.289120535,0,43.94501,-86.27869,270.61,7.82371,1769.19,1800.63,0.7555,4.447618961,3.87003886,0.842021637,0.482854036,0.479109483,    Deciduous Broadleaf Forest,0.205015569,1.99958369
4124000,0.647546441,0.601025709,2.474481862,2.604745352,0.243321531,0.226973864,1.052642734,17.3,1.193103448,jja,220.75,3.492879747,jja,Siliciclastic sedimentary rocks,0.601540767,Mixed sedimentary rocks,0.379684625,0.018774608,0.1338,-16.1341,1.157520392,0.467782937,0.491013291,0.886908576,0.413930976,0.82329285,1.821058357,0,0,0,0,0,183.55,4,"MANISTEE RIVER NEAR SHERMAN, MI",26.69102462,1.500000015,0.417925023,7.251034134,0.695340811,80.58134609,7.851472657,4.268651126,0.330648448,7.299817413,0,44.43639,-85.69868,336.67,9.92703,2243.63,2288.73,0.7036,3.910928974,3.364489376,0.807397724,0.45902449,0.405067203,    Mixed Forests,0.210370771,1.965363801
4185000,0.569392771,0.697386999,2.587984942,2.376225708,0.22580284,0.125203449,0.918176018,22.45,1.230136986,jja,252,4.235294118,son,Siliciclastic sedimentary rocks,0.543398352,Mixed sedimentary rocks,0.456601648,0,0.1254,-16.4001,0.909732751,0.351521655,1.562497749,0.429136274,1.583624994,0.041389436,3.743444538,24.6,5.178947368,114.4,18.4516129,0,163.5,4,Tiffin River at Stryker OH,43.70749108,1.500000015,0.450389291,0.867705467,0.679545772,30.04732208,39.7876568,28.27394161,0,0,1.891014458,41.5045,-84.42967,250.64,3.32824,1064,1064.22,0.2041,1.845925254,1.602938496,0.680043417,0.486613922,0.732979106,    Croplands,0.18,1.5
5056000,-5.222874571,-0.909547652,1.300759754,2.04017577,0.881202912,0.165918933,1.568449335,24.3,1.459459459,jja,296.4,7.851655629,djf,Unconsolidated sediments,0.98486429,Siliciclastic sedimentary rocks,0.010946697,0,0.1698,-13.5543,0.058622022,0.045067524,1.196533848,0.452930853,2.186267237,0.001006403,0.226843217,40.9,15.43396226,178.6,47.62666667,0,217.6,9,"SHEYENNE RIVER NR WARWICK, ND",41.48720835,1.500000015,0.431304967,1.819195036,0.616398512,45.5814199,34.06692388,15.82154216,0.368617398,0,4.507753743,47.80555,-98.71622,493.5,4.38699,4862.02,5648.1,0.0042,1.819812188,1.614481985,0.625342946,0.471967523,1,    Croplands,0.18,1.5
5057000,-8.510843386,-2.921877905,1.349991786,2.020713744,0.886216189,0.162742897,1.496834102,23.95,1.442771084,jja,288.8,7.193026152,djf,Unconsolidated sediments,0.973592738,Siliciclastic sedimentary rocks,0.023194023,0,0.1678,-13.6233,0.072714522,0.053862936,1.304322976,0.503921098,2.219447454,0.002774898,0.293235685,29.5,16.85714286,143.4,37.24675325,0.000410678,216.7,9,"SHEYENNE RIVER NR COOPERSTOWN, ND",41.50740846,1.500000015,0.432577497,1.754130426,0.610429297,44.09766772,34.05898422,16.32599928,0.562503884,0,5.477162976,47.43277,-98.0276,480.87,4.08896,7582.46,8136.85,0.0063,1.900719412,1.697735587,0.638878563,0.488687916,1,    Croplands,0.18,1.5
5057200,-35.138888,-5.306629006,1.451779603,2.038250732,0.916413869,0.141789208,1.403967054,24.85,1.44057971,jja,296.85,7.402743142,djf,Unconsolidated sediments,0.998473905,Water bodies,0.001526095,0,0.1707,-13.5073,0.063087888,0.043455555,0.790821925,0.393806329,3.011541873,0.000606057,0.241133396,43.4,17.01960784,200.35,45.02247191,0.021629021,207.95,9,"BALDHILL CREEK NR DAZEY, ND",48.83572519,1.500000015,0.435048165,1.713666207,0.61020304,42.27701448,36.23527503,16.49996451,0,0,4.965639759,47.22916,-98.12482,447.5,2.33897,1897.33,1900.4,0.0165,2.069406556,1.879293815,0.674540246,0.544824416,1,    Croplands,0.18,1.5
5062500,-15.19970553,-12.6874017,1.888176591,2.02406104,0.811813803,0.154627702,1.071965964,22.85,1.368263473,jja,274.25,5.574186992,djf,Acid plutonic rocks,0.59695588,Basic volcanic rocks,0.252261129,0,0.0376,-13.7416,0.336318425,0.17831043,1.355409839,0.579243457,2.115157186,0.022361256,1.209540682,13.20361495,8,73.07000548,39.48648649,0,218.4,9,"WILD RICE RIVER AT TWIN VALLEY, MN",39.8679659,1.500000015,0.431715006,1.841683746,0.647706087,49.14262819,31.85056455,18.11359531,1.478318005,0.798042608,0,47.26663,-96.24478,428.27,5.82564,2407.05,2435.91,0.6171,3.021071255,2.766441426,0.744905146,0.557384989,0.45312901,    cropland/natural vegetation mosaic,0.186073231,1.593083407
5120500,-849.1110195,-77.69002521,1.311843943,2.038847283,0.801899394,0.19176627,1.554184318,24.3,1.369014085,jja,304.15,8.154155496,djf,Unconsolidated sediments,0.99840264,Water bodies,0.00159736,0,0.1598,-13.7671,0.040408306,0.030802678,0.716965079,0.465859351,3.953146529,0,0.200609375,57.2,26.60465116,211,50.23809524,0.055167693,218.6,9,"WINTERING RIVER NR KARLSRUHE, ND",42.15458457,1.500000015,0.432560788,1.562377431,0.637739484,44.96709511,33.08095918,19.70129797,0,0,2.254702202,48.13834,-100.53986,515.77,5.85036,1509.83,1509.83,0.0019,1.823254724,1.611730307,0.622140439,0.469873902,1,    Croplands,0.18,1.5
5123400,-28.20183856,-7.134616711,1.352298426,1.952944531,0.87691431,0.18670674,1.44416683,23,1.446540881,jja,289.4,7.136868064,djf,Unconsolidated sediments,0.999838202,Mixed sedimentary rocks,0.000161798,0,0.1617,-13.7206,0.053758256,0.039753249,0.516183005,0.435889328,5.463437532,0,0.322028284,157.35,92.55882353,247.05,93.22641509,0.476112252,233.3,9,"WILLOW CREEK NR WILLOW CITY, ND",42.07134028,1.500000015,0.437309765,1.39781646,0.608488355,39.52225725,34.48213602,18.39826495,0.48696369,0,7.455176224,48.58889,-100.44208,492.06,4.58163,3206.1,3220.65,0.0461,2.234270048,2.021260857,0.66708545,0.504552266,0.782852399,    Croplands,0.18,1.5
5129115,0.462327344,0.547870471,1.973115674,1.900616879,0.759441891,0.174442072,0.963256693,19.35,1.29,jja,251.5,4.822627037,djf,Metamorphics,0.66509675,Acid plutonic rocks,0.130206867,0,0.0345,-14.0593,0.637890402,0.32329093,1.649712231,0.703045276,2.196741202,0.074717588,1.930204367,0.3,3,32.9,31.33333333,0,217.1,9,"VERMILION RIVER NR CRANE LAKE, MN",11.10730412,1.027822222,0.456801164,2.783831341,0.446884209,50.92239479,23.96167055,9.48429032,10.78475656,7.411087773,4.939185586,48.26463,-92.56599,428.21,6.94996,2357.59,2373.72,0.9664,3.607640664,3.009538381,0.725760327,0.350494083,0.880539811,    Mixed Forests,,
5131500,0.601451904,0.715518907,1.996502396,1.921465804,0.760063193,0.171343451,0.962415977,18.4,1.36802974,jja,245,4.989816701,djf,Metamorphics,0.411344669,Siliciclastic sedimentary rocks,0.26920387,0,0.0649,-14.2673,0.577358473,0.289184964,1.639403633,0.515257274,1.134471909,0.046994683,2.288339649,19.45,7.203703704,102.55,41.85714286,0,216.55,9,"LITTLE FORK RIVER AT LITTLEFORK, MN",38.66733147,1.455096168,0.524667524,1.274256794,0.767794119,35.30059406,19.66323101,21.17080014,1.027984691,20.08639427,2.903175765,48.39578,-93.54933,413.17,5.75333,4383.51,4344.13,0.9729,4.248416951,3.603157126,0.841512296,0.429902026,0.871843089,    Mixed Forests,,
5291000,-0.062474936,0.418377101,1.73521013,2.237164463,0.751201963,0.148874501,1.28927582,24.25,1.381766382,jja,288.1,6.555176337,djf,Unconsolidated sediments,1,,0,0,0.1537,-13.9127,0.218208322,0.125753255,0.778985198,0.414744395,3.157749596,0.00771289,0.852157515,32.8,8.746666667,153,32.21052632,0,209.45,7,"WHETSTONE RIVER NEAR BIG STONE CITY, SD",38.62259887,1.500000015,0.444663199,1.105969159,0.646622054,34.8452394,35.89397216,26.11770527,0.213511562,0,3.136000125,45.29163,-96.48756,432.13,8.90129,1046.78,1058.82,0.0059,2.152906523,1.912648922,0.692754484,0.513102972,1,    Croplands,0.18,1.5
5362000,0.524892904,0.625784245,2.35849692,2.081665394,0.62390112,0.174430983,0.882623749,22.85,1.287323944,jja,254.85,4.33787234,djf,Metamorphics,0.58603391,Basic volcanic rocks,0.280269299,0,0.0336,-13.6393,0.826512698,0.35044044,1.129385862,0.417671461,1.255496505,0.074525584,3.395054369,25.35,5.393617021,100.25,16.57024793,0,201.75,7,"JUMP RIVER AT SHELDON, WI",40.57461202,1.500000015,0.450591355,1.831325379,0.637769334,42.38020877,41.02298563,10.31640577,0,3.12604331,3.090936336,45.30803,-90.95652,434.01,5.6153,1477.29,1494.31,0.9909,4.704999519,4.254122184,0.876083653,0.564946607,0.612158854,    Deciduous Broadleaf Forest,0.192488009,1.887933408
5412500,0.478742168,0.565209823,2.688338125,2.27296245,0.667597526,0.123139415,0.845489795,21.7,1.212290503,jja,256.05,4.339830508,djf,Carbonate sedimentary rocks,0.701516318,Mixed sedimentary rocks,0.298483682,0.701516318,0.0779,-13.2029,0.833438119,0.310019827,1.201221762,0.602930572,2.061482108,0.145848042,2.707700612,8.5,3.541666667,26.05,11.08510638,0,215.25,7,"Turkey River at Garber, IA",24.70335965,1.47564117,0.455394869,0.983183962,0.665907077,29.44045985,49.56668056,21.08021107,0,0,0,42.73999,-91.2618,327.65,8.01917,3858.21,4026.17,0.5276,2.55919788,2.340620832,0.768937629,0.583869955,0.794648731,    Croplands,0.18,1.5
5466500,0.378130839,0.439934074,2.730429843,2.441439083,0.409918999,0.107102802,0.894159244,22.55,1.266853933,jja,259.6,5.050583658,djf,Siliciclastic sedimentary rocks,0.640842668,Mixed sedimentary rocks,0.326072191,0.033085141,0.1614,-15.5393,0.82251887,0.301241532,1.6124108,0.523850888,2.058313294,0.0488648,3.123098077,16.5,3.235294118,101.95,21.02061856,0,201.75,7,"EDWARDS RIVER NEAR NEW BOSTON, IL",38.10032715,1.500000015,0.47326129,0.663955267,0.677781999,15.19900727,56.67054478,24.5796463,0,0,3.636810917,41.18698,-90.96737,222.09,4.95695,1151.57,1163.86,0.0954,2.532295674,2.336498579,0.759089343,0.589845886,0.959874083,    Croplands,0.18,1.5
5495000,0.471796213,0.610578157,2.729774127,2.495776523,0.488646008,0.096562359,0.9142795,23.3,1.185750636,jja,265.95,4.947906977,djf,Siliciclastic sedimentary rocks,0.80010241,Carbonate sedimentary rocks,0.198942186,0.198942186,0.1081,-15.5626,0.742617577,0.272043599,0.83555483,0.242143395,2.721984431,0.005952449,3.709566152,48.2,3.918699187,202.1,19.06603774,0,213.45,7,"Fox River at Wayland, MO",35.67486171,1.500000015,0.460365899,0.759646788,0.69356044,23.32336327,45.65964129,31.12141858,0,0,0,40.39241,-91.59788,236.65,5.82876,1027.55,1029.86,0.2856,2.040343209,1.762641862,0.705120273,0.468230404,0.602785034,    cropland/natural vegetation mosaic,0.18,1.5
5514500,0.719826003,0.761195612,2.948210815,2.613469199,0.284030374,0.071389369,0.886459403,23.3,1.229551451,jja,264.65,4.855963303,djf,Carbonate sedimentary rocks,0.749627204,Siliciclastic sedimentary rocks,0.250372796,0.749627204,0.0925,-12.6513,0.76476255,0.259398869,0.748998525,0.206736386,2.817188535,0.003882147,3.27035283,47.95,3.3183391,209.2,18.67857143,0,196.25,7,"CUIVRE RIVER NEAR TROY, MO",31.36060192,1.384246755,0.46808812,0.601340616,0.66076356,16.71581499,47.4886832,35.60925191,0,0,0,39.0088,-90.97754,226.22,7.41926,2407.41,2410.51,0.2339,2.081205192,1.775383612,0.679528136,0.418064788,0.635537975,    Croplands,0.180000196,1.500009795
5525500,0.606381195,0.775657689,2.846590007,2.466371732,0.320439505,0.077566299,0.866430264,21.8,1.194520548,jja,255.4,4.362083689,son,Carbonate sedimentary rocks,0.482991085,Siliciclastic sedimentary rocks,0.266622441,0.482991085,0.1047,-13.975,0.976713559,0.343117048,1.460793547,0.382011076,1.938880106,0.021113738,4.053837764,23.45,3.448529412,128.35,22.32173913,0,181.4,7,"SUGAR CREEK AT MILFORD, IL",49.29611111,1.500000015,0.466267916,0.630309284,0.634479918,17.31763186,44.629335,28.54656942,0,0,9.311460737,40.63004,-87.72392,217.33,2.73734,1158.76,1158.24,0.0268,2.46329096,2.342352001,0.755668633,0.636491624,1,    Croplands,0.18,1.5
5584500,0.673907241,0.634583699,2.770427105,2.505087926,0.386434451,0.086476559,0.90422445,23.25,1.253369272,jja,265.3,4.949626866,djf,Carbonate sedimentary rocks,0.538811438,Siliciclastic sedimentary rocks,0.24107117,0.538811438,0.1045,-13.6542,0.73710498,0.266061857,1.388001278,0.374412872,2.71698622,0.01168698,3.102099715,29.3,3.6625,147.85,22.92248062,0,199.3,7,"LA MOINE RIVER AT COLMAR, IL",46.16263238,1.500000015,0.474679217,0.622513869,0.704146911,13.95300586,57.54036455,27.85347159,0,0,0.622374447,40.33032,-90.89624,197.83,3.91674,1695.67,1711.89,0.1497,2.438767885,2.245164356,0.751303363,0.575930426,0.786484401,    Croplands,0.18,1.5
5585000,0.649545377,0.682567719,2.766807666,2.512762478,0.369440377,0.082050691,0.908181117,23,1.243243243,mam,265.55,4.917592593,djf,Carbonate sedimentary rocks,0.444550623,Mixed sedimentary rocks,0.304943044,0.444550623,0.1109,-14.085,0.705482229,0.254980582,1.26447653,0.369834602,2.842760077,0.017503618,3.544482712,36.05,4.651612903,148.4,21.66423358,0,202.05,7,"LA MOINE RIVER AT RIPLEY, IL",43.41084523,1.500000015,0.474137341,0.621748141,0.701649422,14.10087593,56.36560283,28.22777009,0,0,1.219078321,40.02477,-90.63179,197.96,4.56575,3354.61,3371.38,0.202,2.357460548,2.147542883,0.741354839,0.554249466,0.586181023,    Croplands,0.18,1.5
6037500,0.373452971,0.623635878,2.405824778,2.603780794,-0.405931801,0.648344908,1.082281976,14.1,1.349282297,djf,223.3,5.266509434,jja,Acid volcanic rocks,0.846379264,Unconsolidated sediments,0.148046387,0.000232934,0.154,-12.7442,1.111144571,0.461855984,0.56873578,0.881090706,0.806472317,0.764656685,2.115405342,0,0,0,0,0,211.3,10,Madison River near West Yellowstone MT,2.381104034,1.078881302,0.422069784,2.514464936,0.43595625,54.74846983,31.29116144,14.01996996,0,0,0,44.65687,-111.06827,2412.29,37.64619,1126.25,1127.58,0.8534,1.413870367,0.863027741,0.528578176,0.175220757,0.614774317,    Grasslands,0.138674322,1.609738445
6043500,0.691592876,0.801260986,2.198332649,2.689934319,-0.068338105,0.58082412,1.223624787,12.05,1.199004975,mam,213.75,4.098753595,jja,Siliciclastic sedimentary rocks,0.296662379,Metamorphics,0.254057985,0.094635753,0.1012,-14.4232,0.938994491,0.427139401,0.759608685,0.678757764,0.975859939,0.276915956,3.586061627,10.9,6.228571429,0.05,1,0,246.25,10,Gallatin River near Gallatin Gateway MT,0.851195499,1.480978319,0.438594218,1.476451265,0.638319519,41.27972454,38.26536625,19.38085083,0,0,13.58952791,45.49743,-111.27051,2374.11,116.56357,2120.42,2120.46,0.7832,1.823212046,1.267009606,0.608127732,0.240699945,0.56977741,    Evergreen Needleleaf Forest,0.149114997,1.670933223
6188000,0.85768789,0.881115263,2.252744695,2.531674552,-0.229372987,0.62110681,1.123817784,10.05,1.288461538,son,209,4.287179487,jja,Intermediate volcanic rocks,0.551447748,Unconsolidated sediments,0.191990405,0.094751311,0.1079,-12.674,1.35024745,0.599378817,0.675918822,0.522506683,1.313038439,0.1272579,6.657002143,58.25,25.32608696,177.05,35.05940594,0,244.3,10,"LAMAR RIVER NR TOWER FALLS RANGER STATION, YNP",0.859673498,1.482563666,0.426873527,1.978911694,0.619139531,50.15498729,30.64618411,18.66592204,0,0,14.91862421,44.92772,-110.39381,2569.59,104.83955,1730.28,1730.62,0.782,1.314974217,1.026790947,0.495269283,0.275693953,0.866988586,    Grasslands,0.126650571,1.539903424
6191500,0.841233994,0.940473157,2.163867214,3.332678289,-0.243341257,0.62926226,1.540149168,9.75,1.282894737,mam,203.65,4.561030235,jja,Intermediate volcanic rocks,0.384368285,Unconsolidated sediments,0.204852646,0.032999195,0.1396,-12.9291,1.144640423,0.52897905,1.05983681,0.673643662,1.261209687,0.234429573,4.428915618,18,9,12.75,4.322033898,0,249.7,10,Yellowstone River at Corwin Springs MT,2.406188651,1.422277731,0.425792749,2.102715609,0.58769891,51.3813865,31.62944818,16.880222,4.965222239,0,11.61820873,45.11188,-110.79438,2547.95,94.05817,6783.59,6808.28,0.7861,1.323220974,0.97831041,0.482735406,0.237673948,0.723629283,    Grasslands,,
6339500,-84.74659286,-3.936618325,1.136354552,2.159783203,0.834636766,0.161668315,1.900624413,23.25,1.504854369,jja,298.65,8.049865229,djf,Unconsolidated sediments,0.969931536,Siliciclastic sedimentary rocks,0.029973733,0,0.2074,-13.2317,0.040496678,0.035637362,0.415622021,0.249937606,2.567850069,0.00051069,0.131143966,35.75,8.9375,223.3,38.83478261,0.002737851,198.15,10,"KNIFE RIVER NR GOLDEN VALLEY, ND",4.402303052,1.345859328,0.45069768,0.962660956,0.38350415,19.10365123,25.25264679,17.76285201,0,0,37.8725603,47.15445,-102.05989,711.32,10.60067,3171.46,3161.84,0.0002,1.283845482,1.087549549,0.503237315,0.362499277,0.557713951,    Grasslands,0.146537163,1.5
6350000,-14.73978541,-1.274669071,1.077960301,2.174678713,0.771483147,0.164913328,2.017401486,24.05,1.541666667,jja,302.35,8.283561644,djf,Unconsolidated sediments,0.986190485,Siliciclastic sedimentary rocks,0.013778058,0,0.2194,-13.0304,0.04480316,0.041562904,0.341745322,0.252460652,1.861888413,0.001532115,0.101054384,27.85,10.71153846,223.95,46.65625,0.001368925,201.8,10,"CANNONBALL RIVER AT REGENT, ND",1.410562837,1.492867458,0.451919736,0.863426101,0.397100676,16.92900248,23.65645651,17.80665044,0,0,41.60931546,46.42667,-102.55183,833.77,7.61453,1501.05,1506.19,0,1.372987574,1.190109545,0.503756354,0.370441094,0.589866321,    Croplands,0.155391979,1.5
6352000,-25.35828838,-1.148713561,1.095667351,2.334641492,0.751851497,0.168403956,2.130794068,24.15,1.468085106,jja,301.65,8.011952191,djf,Unconsolidated sediments,0.99866778,Mixed sedimentary rocks,0.000828,0,0.2206,-12.9728,0.052164786,0.047610057,0.364716097,0.236326012,1.940234969,0.000407245,0.13574835,38.05,15.85416667,253.65,58.98837209,0.020944559,198.5,10,"CEDAR CREEK NR HAYNES, ND",1.52917342,1.493718648,0.448029904,0.966925684,0.383676797,18.64187107,22.47784867,16.08890617,0,0,42.74058174,46.15417,-102.47405,840.97,7.25043,1441.83,1443.13,0,1.327413869,1.145450322,0.499443683,0.367105674,0.667461296,    Croplands,0.160047678,1.5
6353000,-181.1171823,-13.45157141,1.135227926,3.043099658,0.779534463,0.155792226,2.680606764,23.45,1.443076923,jja,300.55,8.079301075,djf,Unconsolidated sediments,0.946747545,Siliciclastic sedimentary rocks,0.05282618,0,0.2167,-13.1298,0.04258435,0.037511718,0.500005216,0.268675664,2.720722846,0,0.128638837,53.15,13.80519481,249.3,47.94230769,0.119917864,201.15,10,"CEDAR CREEK NR RALEIGH, ND",1.824680307,1.476656851,0.446695754,1.00208863,0.379351544,19.47689731,22.35083095,15.80892163,0,0,42.34813067,46.09167,-101.33374,767.71,9.54494,4526.51,4605.23,0.0001,1.244105809,1.057174541,0.491669093,0.350440526,0.68987343,    Grasslands,0.138607594,1.5
6354000,-83.09803901,-6.852814255,1.138187543,2.640713333,0.787551447,0.1592635,2.320103879,22.65,1.442675159,jja,296.75,7.913333333,djf,Unconsolidated sediments,0.972454321,Siliciclastic sedimentary rocks,0.027205088,0,0.2176,-13.0703,0.049805679,0.043758763,0.575861415,0.304447951,2.27063246,0.000113116,0.161593903,45.5,11.09756098,227.8,41.04504505,0.014373717,202.1,10,"CANNONBALL RIVER AT BREIEN, ND",2.142412278,1.48044956,0.445902303,1.028325205,0.379580133,20.05646316,22.34388214,15.43917707,0,0,42.16512957,46.37611,-100.93444,743.88,9.74186,10598.19,10626.74,0.0001,1.265671814,1.078568941,0.495896608,0.354507861,0.606339722,    Grasslands,0.143619617,1.5
6360500,-22.38649485,-1.114147403,1.187192334,2.279332005,0.723823144,0.152009123,1.919934909,23.15,1.433436533,jja,293.6,7.567010309,djf,Siliciclastic sedimentary rocks,0.876742856,Unconsolidated sediments,0.123257144,0,0.1657,-15.4093,0.060727551,0.051152243,0.447048018,0.287935161,4.107077198,0,0.251328191,68.5,12.68518519,249.75,44.20353982,0.146885695,214.7,10,MOREAU R NEAR WHITEHORSE SD,6.026592692,1.468031599,0.441196702,1.055526802,0.331216492,19.13510392,18.7256804,14.49241262,0.026983775,0,47.63077477,45.25582,-100.84292,802.48,10.51138,12654.96,12601.47,0.0001,0.989619968,0.798461134,0.415567689,0.272846158,0.997485539,    Grasslands,0.120150868,1.5
6441500,-0.114290339,0.438271955,1.309505818,2.335091075,0.682999423,0.131508247,1.783184956,23.05,1.414110429,jja,291.05,7.240049751,djf,Siliciclastic sedimentary rocks,0.528819029,Unconsolidated sediments,0.471180971,0,0.1525,-15.0168,0.060235298,0.045998496,0.329121801,0.260107644,1.967872172,0,0.276691667,109.8,18.14876033,263.95,40.60769231,0.263791923,222.85,10,BAD R NEAR FORT PIERRE SD,11.90347839,1.500000015,0.45987561,0.511619909,0.348422885,9.006174304,15.63308232,24.28185127,0,0,51.45305697,44.32665,-100.3843,683.42,12.47192,8152.55,8143.02,0.0005,1.064739185,0.869384474,0.439278271,0.28950647,0.991371661,    Grasslands,,
6447000,-0.073368784,0.489228057,1.313160849,2.725462587,0.679088735,0.142712538,2.075497903,23.3,1.403614458,jja,285.85,6.879663057,djf,Siliciclastic sedimentary rocks,0.622884602,Unconsolidated sediments,0.359520079,0.014297076,0.166,-14.9252,0.048286336,0.036771075,1.147092244,0.329689842,1.973240654,0.000285599,0.203727231,33.3,3.679558011,150.8,14.85714286,0.02587269,222.35,10,WHITE R NEAR KADOKA SD,9.988144205,1.489244061,0.443929517,1.0254929,0.284984246,16.69062993,16.86885857,9.957752783,0.024071899,0,62.3764074,43.7525,-101.52487,1057.12,14.40932,12849.71,12869.46,0.0358,1.018930921,0.798918072,0.416559935,0.247807625,0.967518216,    Grasslands,0.121843672,1.501052346
6450500,-1.438981324,0.448009887,1.471411362,2.36722512,0.690499954,0.144339853,1.608812587,24,1.420118343,jja,285.4,6.877108434,djf,Siliciclastic sedimentary rocks,0.571683432,Unconsolidated sediments,0.428316568,0,0.1862,-14.5376,0.098503887,0.066945172,1.025187618,0.715382782,1.457847918,0.033920128,0.226134189,2.1,1.826086957,0.55,1.375,0,188.35,10,LITTLE WHITE R BELOW WHITE RIVER SD,23.87817877,1.500000015,0.416894347,1.705509009,0.468277599,50.05913609,14.11963425,7.800461117,0,0,28.0055391,43.60139,-100.74986,912.42,10.41664,4111.27,4074.44,0.0001,1.139129389,0.91752714,0.47069377,0.293508475,0.917764989,    Grasslands,0.124934101,1.5
6452000,-0.940186622,0.498591691,1.382093087,2.409193128,0.682097417,0.131326768,1.743148237,22.2,1.418530351,jja,278.6,6.360730594,djf,Siliciclastic sedimentary rocks,0.534894113,Unconsolidated sediments,0.452043971,0.009632808,0.1592,-14.9098,0.065767546,0.047585468,1.223833194,0.429282705,2.869282442,0.003794458,0.275857107,25,4.62962963,117.6,21.38181818,0.001232033,213.4,10,WHITE R NEAR OACOMA SD,11.87902837,1.494979765,0.442592866,0.884179246,0.358981072,21.65768078,16.97341503,14.81874249,0.011972471,0,50.80415686,43.74833,-99.55649,923.24,12.73758,25791.04,25817.78,0.0242,1.102010497,0.884343312,0.452366391,0.281297705,0.857849375,    Grasslands,0.128476698,1.500523398
6453600,-4.658217313,-2.20358476,1.7176564,2.385833238,0.699911406,0.128318993,1.389004948,25.25,1.402777778,jja,289.85,6.892984542,djf,Siliciclastic sedimentary rocks,0.856611247,Unconsolidated sediments,0.139850145,0.003538608,0.1554,-15.5719,0.117705758,0.068526952,1.408743679,0.495838897,3.39803935,0.001164249,0.420293788,20.65,5.657534247,127.3,38,0.009993155,213.35,10,"PONCA CREEK AT VERDEL, NEBR.",22.30145773,1.500000015,0.447617169,0.751558339,0.539051494,27.01896378,31.30417176,20.0042596,0,0,21.67978004,42.81099,-98.17586,569.46,12.77542,2101.42,2104.33,0.0217,1.497189276,1.229623782,0.578954405,0.357184104,1,    Croplands,0.18,1.5
6464500,-22.44865427,-3.128772861,1.546439425,2.40168104,0.733348152,0.131171471,1.553039195,25.15,1.416901408,jja,290.7,7.213399504,djf,Siliciclastic sedimentary rocks,0.793660427,Unconsolidated sediments,0.206339573,0,0.1892,-14.8514,0.084501854,0.054642848,1.264539015,0.63029096,1.908287211,0.015952058,0.256072511,7.95,4.818181818,22.2,16.44444444,0,196,10,KEYA PAHA R AT WEWELA SD,30.03059924,1.500000015,0.405836407,2.986246535,0.51124109,58.98356138,14.54611545,6.890572577,0.051290722,0,19.51171544,43.02889,-99.78067,768.53,9.07924,2914.04,2924.68,0.0109,1.296177599,1.052432688,0.530486157,0.337521488,0.646557355,    Croplands,0.158793441,1.5
6468170,-7.265287121,-4.279191563,1.30774538,2.065571773,0.920667037,0.143378889,1.579490782,25.05,1.419263456,jja,301.35,8.476793249,djf,Unconsolidated sediments,0.997758901,Water bodies,0.002241099,0,0.1609,-13.7404,0.076611789,0.058583108,0.437507607,0.341759949,2.462768765,0,0.360571812,84.9,35.375,250.5,100.2,0.10294319,217.3,10,"JAMES RIVER NR GRACE CITY, ND",46.11212675,1.500000015,0.434500916,1.772915147,0.633831452,44.45819557,37.08153988,17.05438024,0.087974449,0,1.511571905,47.55805,-98.86289,516.41,4.68375,2809.1,2833.13,0.003,1.864350217,1.670750243,0.645162444,0.507387065,1,    Croplands,0.18,1.5
6468250,-10.77648656,-9.934475167,1.319754962,2.850338289,0.922018964,0.144027317,2.159748112,25.25,1.422535211,jja,299.3,8.290858726,djf,Unconsolidated sediments,0.997372185,Water bodies,0.002627815,0,0.1667,-13.6027,0.076582573,0.058027873,0.567248843,0.372291367,2.794337778,0,0.395814955,71.25,30.31914894,238.3,66.19444444,0.132375086,218.2,10,"JAMES RIVER ABOVE ARROWWOOD LAKE NR KENSAL, ND",46.11970958,1.500000015,0.432603343,1.817085113,0.632146941,45.84773943,35.90446011,16.53213345,0.161667137,0,1.808726634,47.39972,-98.79761,508.66,4.53343,3242.61,3247.76,0.0031,1.885928678,1.687467901,0.648196083,0.506212613,1,    Croplands,0.18,1.5
6470800,-21.70888452,-42.06399984,1.557598905,2.105190897,0.824561369,0.147189465,1.351561618,24.95,1.393854749,jja,296.7,7.353159851,djf,Unconsolidated sediments,0.99991464,Siliciclastic sedimentary rocks,8.54E-05,0,0.1641,-13.6636,0.055263142,0.0354797,0.685094065,0.365344763,4.613983341,0,0.242113083,88.5,26.41791045,232.65,69.44776119,0.065571526,222.65,10,"BEAR CREEK NR OAKES, ND",49.85863268,1.500000015,0.436004881,1.674946032,0.643548419,43.73978623,37.57618394,18.29283968,0,0,0.267327401,46.22524,-98.07177,423.26,3.54676,1071.14,995.65,0.0061,2.206875261,2.009665053,0.700221525,0.558942579,1,    Croplands,0.18,1.5
6477500,-3.259301822,-3.397397305,1.680016427,2.335321684,0.698989466,0.132381125,1.390058839,24.6,1.374301676,jja,295.6,7.262899263,djf,Unconsolidated sediments,0.998987911,Siliciclastic sedimentary rocks,0.001012089,0,0.1503,-13.9939,0.066567328,0.039623022,0.200061298,0.267754551,3.528986924,1.62E-05,0.300880069,88.65,31.66071429,272.1,98.94545455,0.031211499,225.35,10,FIRESTEEL CR NEAR MOUNT VERNON SD,44.89912629,1.500000015,0.44923837,0.952791619,0.681831052,31.20776085,37.89050697,30.63345586,0.184195792,0,0.239809989,43.7764,-98.24567,466.03,5.211,1512.44,1533.63,0,1.470616892,1.216811665,0.578604955,0.370566197,1,    Croplands,0.18,1.5
6784000,-0.955495493,-0.036628309,1.745111567,2.476443956,0.747034934,0.115205161,1.419074862,24.6,1.277922078,jja,287.05,6.407366071,djf,Siliciclastic sedimentary rocks,1,,0,0,0.19,-15.2,0.091202706,0.05226182,0.958776945,0.728175056,0.793128909,0.027230505,0.180859326,1.75,2.5,7.95,10.6,0,188.6,10,"SOUTH LOUP R AT ST. MICHAEL, NEBR.",29.85252122,1.500000015,0.447473185,1.1654838,0.673418033,37.59028671,51.16202606,11.07202563,0,0,0.171745223,41.03244,-98.74053,790.29,7.87218,6019.74,6386.88,0.0143,1.429636165,1.196022767,0.566173065,0.369921948,0.656996083,    Grasslands,0.140580235,1.5
6847900,-1.304547966,0.09779759,1.575601643,3.305606831,0.804810475,0.102382585,2.097996563,24.65,1.325268817,jja,297.3,7.36802974,djf,Unconsolidated sediments,0.885004736,Mixed sedimentary rocks,0.114995264,0,0.1723,-13.6252,0.012180734,0.007730846,1.505600964,0.452948639,1.235877174,0,0.022296759,7.6,3.102040816,130.6,25.86138614,0.134017796,204.65,10,"PRAIRIE DOG C AB KEITH SEBELIUS LAKE, KS",41.14765101,1.500000015,0.474609751,0.847090362,0.692591198,17.5606333,67.77490047,14.74094453,0,0,0,39.76985,-100.10078,885.8,6.55023,1536.19,1539.16,0.001,0.922368767,0.659688667,0.418650602,0.213876991,0.564612419,    Grasslands,0.146123255,1.5
6876700,0.125549365,-0.295115217,2.055776865,2.679570048,0.713301976,0.079611385,1.303434285,25.7,1.317948718,jja,294.15,7.03708134,djf,Unconsolidated sediments,0.3150403,Carbonate sedimentary rocks,0.287128157,0.287128157,0.1256,-14.044,0.159938967,0.07779977,0.636229157,0.347243158,3.671325963,0.001899012,0.574335254,33.3,7.010526316,187.6,27.79259259,0,227.55,10,"SALT C NR ADA, KS",13.81156716,1.446588417,0.473513183,0.602025248,0.689631438,14.28517964,55.345249,30.27530378,0,0,0,39.13907,-97.83696,448.53,8.37527,1056.44,1054.05,0,1.148474955,0.838265115,0.497010172,0.249108175,0.588381852,    Grasslands,0.144697089,1.5
6885500,0.714021132,0.841714742,2.445574264,2.866789185,0.664971956,0.084298726,1.172235588,24.95,1.2200489,jja,285.3,6.109207709,djf,Unconsolidated sediments,0.893184205,Mixed sedimentary rocks,0.055663461,0.051152334,0.2062,-13.0409,0.4406362,0.180176986,0.554054406,0.266185037,3.292113079,0.008056502,1.594727048,35.25,3.357142857,206.2,18.57657658,0,218.9,10,"BLACK VERMILLION R NR FRANKFORT, KS",34.33333333,1.480883877,0.461038366,0.608027425,0.694977414,20.02172698,38.03256053,41.97508573,0,0,0,39.68192,-96.44289,394.81,8.30284,1062.87,1075.14,0.0076,1.509472028,1.294287568,0.604439141,0.411876673,0.964552267,    Croplands,0.177873136,1.5
6892000,0.709645428,0.683625951,2.774991102,2.620075236,0.585259882,0.071517825,0.944174284,24.9,1.29015544,jja,274.05,5.432111001,djf,Unconsolidated sediments,0.644589259,Carbonate sedimentary rocks,0.252337964,0.252337964,0.1814,-12.7532,0.631079373,0.22741672,0.763326187,0.237709068,1.629986398,0.004254057,2.776332159,39.45,3.400862069,198.05,18.33796296,0,214.55,10,"STRANGER C NR TONGANOXIE, KS",30.83542789,1.493886982,0.464544777,0.612546662,0.665117652,17.62716578,40.66920272,35.76335577,0,0,6.068390919,39.11633,-95.01088,304.55,9.14485,1092.72,1091.6,0.067,1.762121272,1.4956391,0.653167004,0.412264662,0.555104881,    Croplands,0.179805107,1.5
6906800,0.445933427,0.589051035,3.190375086,2.656419713,0.364725737,0.060450474,0.83263555,24.05,1.31420765,jja,269.15,5.32970297,djf,Carbonate sedimentary rocks,0.59709109,Siliciclastic sedimentary rocks,0.40290891,0.59709109,0.1224,-12.6822,0.917229115,0.287498833,0.708449407,0.194642402,2.485835687,0.008992538,3.07475619,43.05,3.075,213.45,19.67281106,0,198.3,10,"Lamine River near Otterville, MO",4.420657277,1.499138339,0.475249255,0.592431084,0.707773849,13.10863415,56.8100731,30.05524826,0,0,0.027824121,38.70225,-92.97883,279.08,8.38096,1414.75,1411.96,0.3516,2.580401525,2.174763762,0.713011099,0.40574105,0.772637099,    cropland/natural vegetation mosaic,0.18020227,1.510113516
6919500,0.564175643,0.503168037,3.316985626,2.852089309,0.33452671,0.049446608,0.859843735,23,1.18251928,mam,268.25,5.138888889,djf,Siliciclastic sedimentary rocks,0.560554501,Carbonate sedimentary rocks,0.439445499,0.439445499,0.096,-14.382,0.791486203,0.238616109,1.086112283,0.281590786,2.441592812,0.000526185,3.289797867,49.85,4.35371179,196,28.20143885,0.018617385,193.9,10,"Cedar Creek near Pleasant View, MO",6.089028213,1.319237812,0.460973122,0.800074211,0.481011879,17.71536417,39.93820939,22.59737487,0,0,19.72229213,37.8342,-93.87549,304.29,6.03069,1069.42,1069.85,0.243,2.894626838,2.456814344,0.734423445,0.41950407,0.839469623,    cropland/natural vegetation mosaic,0.18,1.5
6934000,0.516249171,0.694962318,3.256001369,2.701932841,0.163030342,0.064590884,0.829831605,22.3,1.232044199,mam,255.3,4.727777778,djf,Carbonate sedimentary rocks,0.926072991,Siliciclastic sedimentary rocks,0.06094731,0.926072991,0.0736,-11.9044,0.931778388,0.286172603,1.460427611,0.521236764,2.864718832,0.15481845,3.04900581,13.3,3.643835616,50.45,14.83823529,0,181.4,10,"Gasconade River near Rich Fountain, MO",2.393399771,1.408491671,0.471115027,0.605671664,0.667183863,15.49968642,49.93305537,32.09572516,0,0,0,38.38881,-91.81989,334.86,11.8533,8264.9,8267.52,0.5897,3.923578584,3.398462946,0.801395108,0.451681524,0.677428072,    cropland/natural vegetation mosaic,0.183018202,1.659803699
7014500,0.567916693,0.675279045,3.284264203,2.772139603,0.144399588,0.066115361,0.844067174,21.4,1.233429395,mam,255.5,4.753488372,djf,Carbonate sedimentary rocks,0.532724008,Siliciclastic sedimentary rocks,0.446994684,0.532724008,0.1551,-12.2049,0.857725844,0.261162255,1.255130227,0.533759472,2.818550071,0.164144192,2.4163552,9.1,2.24691358,23.85,9.352941176,0,184,7,"Meramec River near Sullivan, MO",2.859884837,1.497690779,0.469679978,0.644851088,0.713846903,17.00950326,52.71017942,30.17980402,0,0,0,38.15853,-91.10846,330.14,11.88533,3845.5,3851.18,0.7777,4.616652366,4.101393252,0.84684132,0.493124473,0.667520814,    Deciduous Broadleaf Forest,0.186675208,1.833760407
7056000,0.698052544,0.783800933,3.617371663,2.804692868,-0.018570897,0.052745706,0.775339979,23.75,1.25,mam,269.7,5.272727273,son,Siliciclastic sedimentary rocks,0.656472311,Carbonate sedimentary rocks,0.282174135,0.282174135,0.158,-14.0789,1.2812132,0.354183457,1.670913186,0.404146771,2.23343477,0.031871867,4.507592567,24,3.38028169,152.8,32.86021505,0,167.8,11,"Buffalo River near St. Joe, AR",1.04896,1.424193478,0.450885808,0.892696033,0.510563755,22.49397244,31.19530989,24.23865106,0,0,22.07201364,35.98318,-92.74755,459.08,41.947,2149.36,2147.73,0.8844,4.958108585,4.398442079,0.870985014,0.491920607,0.895609066,    Deciduous Broadleaf Forest,0.188956091,1.947804533
7057500,0.628518474,0.486878423,3.261271732,2.773481561,0.025242534,0.056439437,0.850429461,25.55,1.2775,mam,273.8,5.421782178,djf,Carbonate sedimentary rocks,0.998044239,Siliciclastic sedimentary rocks,0.001955761,0.998044239,0.0604,-11.8017,1.258117201,0.38577503,1.18549196,0.699977299,1.79648821,0.466993492,3.137927494,2.55,1.5,0,0,0,182.85,11,"North Fork River near Tecumseh, MO",2.403631285,1.376810437,0.466882661,0.671972225,0.647374669,18.84643725,46.1120895,30.69026477,0,0,0,36.62303,-92.24813,324.68,11.24276,1456.44,1456.46,0.584,4.092280944,3.514623645,0.808381133,0.432314136,0.472710975,    cropland/natural vegetation mosaic,0.178818368,1.717540782
7066000,0.727468272,0.731662512,3.287924709,2.753928364,0.05814903,0.056231314,0.837588633,26.9,1.271867612,mam,279.55,5.793782383,jja,Carbonate sedimentary rocks,0.636085187,Siliciclastic sedimentary rocks,0.363914813,0.636085187,0.1364,-12.055,1.168394691,0.355359321,1.168482751,0.589871241,1.320219025,0.306547672,3.2977098,7.7,1.790697674,0,0,0,175.45,11,"Jacks Fork at Eminence, MO",2.24872449,1.459288591,0.470688679,0.591005749,0.688460465,15.28462033,49.16735207,34.07340648,0,0,0,37.15408,-91.35816,343.23,10.30686,1053.5,1050.66,0.693,4.614631307,4.071827363,0.844997813,0.478574462,0.747145083,    Deciduous Broadleaf Forest,0.187471451,1.873572541
7067000,0.601013788,0.676388753,3.44280219,2.757459576,0.017217224,0.055720413,0.800934652,25.1,1.251870324,mam,274.7,5.375733855,son,Carbonate sedimentary rocks,0.527255314,Siliciclastic sedimentary rocks,0.462033271,0.527255314,0.1573,-12.131,1.207189953,0.350641683,1.256807254,0.679047591,1.291561375,0.387040723,3.104201614,3.05,1.794117647,0,0,0,178.9,11,"Current River at Van Buren, MO",2.119987518,1.484215731,0.469624417,0.59081599,0.701316441,15.82201268,48.93185796,34.8873637,0,0,0,36.99138,-91.01351,325.61,11.97771,4349.01,4315.66,0.7931,4.829520607,4.275783873,0.859879552,0.486571179,0.824853566,    Deciduous Broadleaf Forest,0.188248536,1.912426783
7068000,0.445976291,0.650045146,3.404091718,2.747049719,0.055484148,0.055510761,0.806984637,23.8,1.249343832,mam,260.15,4.931753555,son,Siliciclastic sedimentary rocks,0.515031667,Carbonate sedimentary rocks,0.476526145,0.476526145,0.1684,-12.1665,1.333882122,0.391846705,1.045034735,0.71814216,1.777904263,0.542805357,3.10871068,2.2,1.692307692,0,0,0,180.6,11,"Current River at Doniphan, MO",2.158069459,1.487084705,0.469501673,0.592136676,0.702074109,15.89186146,48.87730342,34.95103612,0,0,0,36.622,-90.84762,293.5,12.0651,5318.59,5312.93,0.7417,4.914129169,4.357757917,0.864947961,0.489495022,0.854096898,    Deciduous Broadleaf Forest,0.188540969,1.927048449
7071500,0.220179367,0.415520094,3.338821355,2.77022152,0.007823482,0.053355687,0.829700432,25.15,1.276649746,mam,270.45,5.323818898,son,Siliciclastic sedimentary rocks,0.562480836,Carbonate sedimentary rocks,0.437519164,0.437519164,0.1781,-12.1937,0.96130966,0.287918866,1.261386632,0.758626701,2.050912703,0.309483459,2.115609582,2.05,1.863636364,0,0,0,183.4,11,"Eleven Point River near Bardley, MO",2.841789052,1.500000015,0.467200433,0.608500426,0.70259606,17.20225317,46.80599648,36.14153345,0,0,0,36.64868,-91.20082,283.07,10.03191,2023.77,2030.3,0.5914,4.330998673,3.768530474,0.824529931,0.451512136,0.571042485,    Deciduous Broadleaf Forest,0.184626491,1.785521242
7142300,-6.064227428,-0.159047857,1.806744695,2.832697673,0.643003667,0.086791678,1.567846127,25.1,1.283887468,jja,304.1,8.034346103,djf,Unconsolidated sediments,1,,0,0,0.2413,-11.8217,0.019338256,0.01070337,1.959084881,0.612135073,2.780576969,0,0.048395397,7.55,3.282608696,122.95,39.03174603,0.132785763,204.1,11,"RATTLESNAKE C NR MACKSVILLE, KS",49.53190014,1.500000015,0.423554327,1.420600712,0.647241958,53.13876556,30.58848489,16.18547524,0,0,0,37.87159,-98.87614,677.58,4.76724,1819.94,1923.39,0.0003,1.16382103,0.848938457,0.487824779,0.247151536,0.521780795,    Grasslands,0.148693152,1.5
7148400,-0.282071305,-1.186294308,1.909582478,3.200512471,0.56707562,0.079878132,1.676027356,26.05,1.286419753,jja,302.25,7.75,djf,Siliciclastic sedimentary rocks,0.635407556,Unconsolidated sediments,0.352252051,0,0.205,-14.0603,0.118952797,0.062292568,1.445172164,0.536771083,1.300259155,0.00249994,0.399990343,13.75,2.75,82.35,14.97272727,0,203.9,11,"Salt Fork Arkansas River nr Alva, OK",12.85876452,1.500000015,0.440312824,1.074450479,0.527906714,29.20863287,27.34185291,22.62557633,0,0,20.73653705,36.81503,-98.64814,545.41,9.72975,2544.5,2560.49,0.0005,0.963708628,0.70073616,0.425835705,0.232503106,0.997961862,    Grasslands,0.120122288,1.5
7149000,-0.000937947,-0.971768523,1.975812457,3.009930007,0.581205239,0.079110059,1.523388516,25.95,1.284653465,jja,301.15,7.93544137,djf,Unconsolidated sediments,0.510868516,Siliciclastic sedimentary rocks,0.489131484,0,0.2115,-13.5872,0.184949851,0.093606987,0.909768817,0.592456138,1.806415803,0.014949397,0.526432325,7.65,2.154929577,47.8,18.03773585,0.002190281,194.55,11,"MEDICINE LODGE R NR KIOWA, KS",21.05980363,1.500000015,0.440488143,1.137586064,0.561735172,30.60762894,31.27855573,22.59679783,0,0,15.48290507,37.0392,-98.47021,558.82,8.31384,2291.2,2263.93,0.0003,1.064221246,0.767841913,0.455581505,0.238002705,0.921105234,    Grasslands,0.124733686,1.5
7151500,0.370072811,0.484399229,2.316180698,2.980717057,0.527944729,0.070534939,1.286910412,25.75,1.341145833,jja,290.4,6.800936768,djf,Unconsolidated sediments,0.838132029,Mixed sedimentary rocks,0.082847201,0,0.2333,-12.3308,0.375064883,0.161932479,0.956008777,0.43252991,2.155437993,0.023201285,1.145911486,15.1,2.141843972,70.9,13.37735849,0,209.4,11,"CHIKASKIA R NR CORBIN, KS",40.74189447,1.458416504,0.4323758,1.488221311,0.585932059,43.27974534,30.86298256,20.09107068,0,0,5.629599551,37.12891,-97.60144,456.85,5.91848,2109,2111.79,0.0101,1.22456563,0.818204106,0.50259636,0.215281719,0.620217091,    Grasslands,0.142786975,1.5
7226500,-7.568617643,-0.166586563,1.074360027,2.710015455,0.890675558,0.073573558,2.522446281,25.45,1.519402985,jja,305.55,9.872374798,djf,Unconsolidated sediments,0.516803976,Siliciclastic sedimentary rocks,0.347497629,6.48E-05,0.2054,-13.2545,0.004553165,0.004238025,0,0.073812421,-0.636292615,0,0.010733153,75.55,8.536723164,314.35,35.92571429,0.793155373,276.65,11,"UTE CREEK NEAR LOGAN, NM",14.87252199,1.331262908,0.432210226,1.495115433,0.547214764,41.26913379,29.35759899,19.62875995,0,0,9.86658035,35.43838,-103.52579,1587.35,17.56282,5242.75,5245.84,0.0028,0.577298773,0.373908211,0.286549543,0.154655566,0.969301442,    Grasslands,0.122455885,1.549117693
7290650,0.476961475,0.672597665,4.154616016,3.422857728,-0.167247617,0.004061026,0.823868611,22.7,1.268156425,djf,262.35,5.114035088,son,Unconsolidated sediments,1,,0,0,0.2756,-11.0545,1.210778338,0.291429661,0.928238965,0.307445601,1.950952858,0.070989561,4.937396422,33.1,2.536398467,162.4,12.44444444,0,161.3,8,"BAYOU PIERRE NR WILLOWS, MS",29.5693153,1.500000015,0.460692836,0.958871251,0.680625883,25.87071086,53.73933745,20.46149836,0,0,0,32.01778,-90.87694,105.8,7.48765,1688.73,1694.61,0.7965,4.504964176,3.303674854,0.81530605,0.280783459,0.500505467,    Woody Savannas,0.204650347,2.047618435
7292500,0.364256671,0.506136081,4.255530459,3.474859001,-0.170541737,0.002579886,0.816551317,23.8,1.265957447,djf,261.8,5.088435374,son,Unconsolidated sediments,1,,0,0,0.2429,-12.1976,1.326588068,0.311732716,0.977611166,0.449695543,2.912389498,0.252553998,4.34298463,15.05,1.781065089,24.85,7.888888889,0,158.95,8,"HOMOCHITTO RIVER AT ROSETTA, MS",27.22700451,1.500000015,0.451942058,1.125701249,0.673561658,31.91679972,47.17264028,20.90834052,0,0,0,31.32472,-91.10944,115.81,7.03828,2073.09,2076.55,0.9468,5.085763694,3.37341325,0.838933229,0.185255718,0.908405532,    Mixed Forests,0.242263568,2.352363661
7301500,-0.564765243,0.098516405,1.72773306,3.099671513,0.55267975,0.069424273,1.794068531,25.35,1.38147139,jja,297.65,7.843214756,djf,Unconsolidated sediments,0.819016678,Siliciclastic sedimentary rocks,0.114868091,0,0.2127,-13.3382,0.04705254,0.027233686,1.556188395,0.538401518,2.019104464,0,0.127142459,7.15,2.6,96.4,24.71794872,0.051882272,190.05,11,"North Fork Red River near Carter, OK",28.89492754,1.459330309,0.423780659,1.400757126,0.594004704,48.28336859,23.68935011,20.88445664,0,0,7.128734627,35.16811,-99.50731,841.43,9.12835,6885.07,6885.01,0.0008,0.900953205,0.656207344,0.401804031,0.222052108,0.989357094,    Grasslands,0.120638574,1.5
7315700,0.514780146,0.627817984,2.502206708,3.069474114,0.244999789,0.020816123,1.226706852,25.55,1.327272727,mam,295,7.535121328,djf,Siliciclastic sedimentary rocks,0.787573082,Unconsolidated sediments,0.212052896,0,0.2194,-13.9493,0.35823036,0.143165774,0.443474562,0.158217009,2.74591686,0,1.603341933,64.4,6.133333333,255.6,26.625,0.079534565,205.5,11,"Mud Creek near Courtney, OK",11.29129412,1.380213606,0.443785762,1.09543242,0.611092386,35.7375998,35.96003597,28.28877283,0,0,0,34.00426,-97.56697,286.95,6.30245,1488.69,1491.41,0.0437,1.589362902,1.214585603,0.565856291,0.283918086,1,    Grasslands,0.12,1.5
8013000,0.794621573,0.767531006,4.320046543,3.219655291,-0.156904435,0.003286336,0.745282547,21.9,1.233802817,djf,251.3,4.884353741,mam,Unconsolidated sediments,0.851996579,Siliciclastic sedimentary rocks,0.148003421,0,0.1728,-13.9362,1.475475209,0.341541508,1.254541623,0.349477438,2.239138222,0.049170175,6.52450404,61.25,10.65217391,184.7,24.62666667,0,140.8,8,"CALCASIEU RIVER NR GLENMORA, LA",44.16841524,1.500000015,0.44736004,1.081808312,0.630559641,31.76481449,38.58982234,22.80227563,0,0,6.772829776,30.99602,-92.67375,75.95,4.567,1293.69,1300.18,0.9144,4.835608626,2.994193057,0.828604928,0.160985303,0.771939298,    Mixed Forests,0.229474537,2.240357508
8014500,0.812915897,0.783127296,4.472329911,3.270267611,-0.101712205,0.002245766,0.731222355,21.25,1.217765043,djf,253.3,4.815589354,mam,Unconsolidated sediments,0.871207039,Siliciclastic sedimentary rocks,0.128792961,0,0.1715,-13.9215,1.42309618,0.318200179,1.11765571,0.492428349,2.118819325,0.238068493,4.832602962,14.35,4.555555556,38.1,14.94117647,0,144.6,8,"Whiskey Chitto Creek Near Oberlin, LA",44.61327482,1.500000015,0.448874744,1.206643021,0.676398869,34.60596426,46.48669601,18.87780322,0,0,0,30.69875,-92.89319,57.95,3.28615,1305.15,1325.02,0.8187,4.670514733,2.735252332,0.822381094,0.144744491,0.783430565,    Mixed Forests,0.230508751,2.248401395
8079600,0.084351088,0.184865515,1.37242026,3.580756372,0.568760374,0.035721802,2.609081545,25.15,1.416901408,jja,308.55,9.321752266,djf,Unconsolidated sediments,0.862654504,Mixed sedimentary rocks,0.131013799,0.003292132,0.2054,-13.4623,0.021944875,0.015989909,0.01008795,0.040180985,1.980962383,0,0.052453493,160.7,14.47747748,315.25,23.5261194,0.560027379,241.05,12,"DMF Brazos Rv at Justiceburg, TX",41.06247481,1.500000015,0.430303976,1.332625764,0.642046512,44.75446206,25.32992446,30.12077803,0,0,0,33.03843,-101.19763,952.69,5.15091,3348.95,3512.25,0,0.768546451,0.545950022,0.349582532,0.188481952,0.882353263,    Grasslands,0.129306249,1.679795552
8086212,0.317920196,0.378638072,1.908219028,3.261216099,0.305190847,0.013186231,1.709036568,25.45,1.425770308,jja,305.25,9.111940299,djf,Siliciclastic sedimentary rocks,0.515138271,Mixed sedimentary rocks,0.348853577,0.004929139,0.1434,-15.8201,0.089600904,0.046955251,0.151930632,0.124925618,3.038459667,0,0.16950442,83.55,13.26190476,294.8,46.0625,0.270499658,219.15,12,"Hubbard Ck bl Albany, TX",1.330049261,1.482476644,0.4562139,0.569275874,0.692469637,21.5530206,29.84706653,47.33283035,0,0,1.334126281,32.7329,-99.14063,507.6,10.25442,1584.82,1590.1,0.0038,1.258478541,0.933278039,0.491796078,0.239248988,1,    Grasslands,0.12,1.5
8101000,0.795634722,0.35845134,2.396481862,3.301889131,0.105146589,0.009179553,1.377806852,26,1.436464088,mam,293.2,7.7875166,jja,Mixed sedimentary rocks,0.952544517,Unconsolidated sediments,0.044999398,0.002456084,0.1678,-15.173,0.274406465,0.114503877,0.74367298,0.317706584,3.429262493,0,0.912867199,60.15,7.966887417,223.65,31.95,0.076796715,197.65,12,"Cowhouse Ck at Pidcoke, TX",1.131642512,1.226186435,0.457825129,0.742507473,0.484193793,18.27885978,33.90870335,27.10333805,0,0,20.71163488,31.28489,-97.88502,388.23,11.33266,1177.1,1184.49,0.0067,1.239354782,0.821306554,0.488418365,0.196905708,0.953922338,    Grasslands,0.122287714,1.540338047
8164000,0.558141663,0.6455276,2.933000684,4.7439059,0.095341135,0.001380127,1.617424069,23.75,1.503164557,mam,280.05,7.29296875,mam,Unconsolidated sediments,0.865545353,Siliciclastic sedimentary rocks,0.134454647,0,0.2061,-13.4365,0.608924865,0.207611566,0.473714609,0.189173447,3.175790354,0.003570802,2.232327405,39.1,3.91,234,26.59090909,0.00109514,182.85,12,"Lavaca Rv nr Edna, TX",39.28859527,1.500000015,0.427897262,1.205183472,0.679484215,45.07884186,19.83318618,34.57830886,0,0,0.433653453,28.95998,-96.68637,73.09,4.02264,2124,2120.71,0.074,1.553229836,1.023617351,0.582446894,0.213788703,0.624900568,    cropland/natural vegetation mosaic,0.172929056,1.543336014
8171300,0.870265399,0.77744754,2.56038193,4.675037577,0.118060635,0.004320026,1.825914143,24.9,1.431034483,son,293.15,7.694225722,jja,Carbonate sedimentary rocks,0.836617954,Unconsolidated sediments,0.142618824,0.836617954,0.0841,-12.0681,0.426180353,0.166451867,1.248967345,0.476775763,2.716170523,0,1.473258041,33.85,9.955882353,163.7,49.60606061,0.170704997,176.75,12,"Blanco Rv nr Kyle, TX",1.249491525,0.981444427,0.458117937,0.842931145,0.426324953,24.57711386,26.98467193,25.78502962,0,0,4.669389367,29.97938,-97.91,379.23,13.97922,1067.47,1073.92,0.0569,1.398378908,0.822139434,0.517311219,0.168631659,0.484060661,    Grasslands,0.142028686,1.700565747
8175000,0.349793705,0.31266827,2.416309377,3.444295592,0.149304801,0.002229318,1.425436504,25.55,1.520833333,son,297.35,8.54454023,jja,Unconsolidated sediments,0.595371975,Siliciclastic sedimentary rocks,0.404628025,0,0.209,-13.7901,0.253653343,0.104975524,0.226152317,0.139486634,2.650291877,0.001634882,0.999515409,52.9,6.297619048,282.05,32.41954023,0.005612594,199.6,12,"Sandies Ck nr Westhoff, TX",7.02166065,1.500000015,0.426574364,1.253747275,0.647864531,46.37060435,19.59647081,33.99831758,0,0,0,29.21525,-97.44943,113.27,5.3832,1421.66,1425.27,0.0703,1.503287765,1.124263238,0.576422327,0.26687184,0.597012214,    cropland/natural vegetation mosaic,0.165257485,1.55545141
8189500,0.744328985,0.841457619,2.374370979,4.736852977,0.240103707,0.001628732,1.994992787,23.3,1.451713396,jja,292.9,8.250704225,mam,Unconsolidated sediments,0.985153093,Siliciclastic sedimentary rocks,0.014766283,0,0.2195,-13.0338,0.213181689,0.089784491,0.307713602,0.173428748,2.284205382,0.000635899,0.503037006,33,5.546218487,259.4,38.14705882,0.002327173,174.35,12,"Mission Rv at Refugio, TX",41.20343137,1.500000015,0.421752526,1.785087718,0.583064411,49.94786579,19.69457426,27.92472679,0,0,2.406762259,28.29195,-97.27916,67.31,4.02675,1808.29,1816.51,0.1046,1.463568941,1.00323717,0.564346281,0.236393554,0.386727846,    Closed Shrublands,0.177151921,2.058746604
8190000,0.275840879,0.136439994,1.917389459,3.398908131,0.375019994,0.003707556,1.772674881,25.2,1.384615385,son,311.25,10.05654281,djf,Carbonate sedimentary rocks,0.924281045,Unconsolidated sediments,0.075718955,0.924281045,0.0721,-11.8909,0.26409175,0.137735059,0.987566008,0.587385365,1.532476171,0.036172941,0.711983258,8.15,3.975609756,39.6,24.75,0,175.15,12,"Nueces Rv at Laguna, TX",1.875906835,0.8395238,0.455489645,0.599163652,0.18667831,10.28445887,10.42340729,20.37479785,0,0,54.54015996,29.42857,-99.99729,567.77,17.30756,1961.43,1923.12,0.2878,1.286536673,0.66931714,0.492121796,0.126840932,0.506328302,    Grasslands,0.139886182,1.608486351
8190500,0.27210902,0.281366116,1.826854209,4.206361314,0.414786097,0.004490763,2.302516146,24.55,1.398860399,jja,315.25,10.50833333,djf,Carbonate sedimentary rocks,0.977785639,Unconsolidated sediments,0.021340207,0.977785639,0.0635,-11.8297,0.050058278,0.027401353,0.114493434,0.143706836,1.934031679,0,0.09519273,63.5,32.56410256,303.05,163.8108108,0.080355921,159.7,12,"W Nueces Rv nr Brackettville, TX",1.739236393,0.800000012,0.445772745,0.785347278,0.114895782,9.356544888,8.746480423,13.41875201,0,0,68.47822268,29.47273,-100.23646,590.4,13.29277,1799.09,1800.66,0.1388,1.035223363,0.528285842,0.443986964,0.117307972,0.8595052,    Grasslands,0.126878888,1.61623569
8194200,-0.227032686,-0.399761196,1.397215606,3.619265257,0.435173445,0.00055356,2.590341277,23.65,1.501587302,jja,322.5,13.90086207,djf,Unconsolidated sediments,0.986886616,Siliciclastic sedimentary rocks,0.010586689,0,0.2195,-13.0266,0.072298839,0.051744941,0.000840131,0.042775476,1.523429283,0,0.119865324,132.95,19.40875912,323,49.69230769,0.636002738,287.75,12,"San Casimiro Ck nr Freer, TX",7.772397094,1.500000015,0.441936288,0.790437584,0.679159944,31.68210003,20.63597078,46.72122756,0,0,0.850695645,27.96501,-98.96697,161.27,5.02405,1220.58,1233.44,0.0008,1.07833478,0.661138004,0.446835555,0.175884843,0.912347107,    Grasslands,0.125259174,1.5
8195000,-0.110962817,0.27268642,2.211577002,3.387042053,0.369790188,0.00435763,1.531505369,25,1.358695652,son,309.4,9.683881064,djf,Carbonate sedimentary rocks,0.925547329,Unconsolidated sediments,0.074452671,0.925547329,0.0719,-11.8893,0.363266252,0.16425666,0.972523503,0.629209001,1.279701774,0.059481653,1.034980757,6.85,3.425,30.5,16.94444444,0,191.65,12,"Frio Rv at Concan, TX",1.695431472,0.757032748,0.455520753,0.589244144,0.168335749,10.64662463,10.90067796,22.21875664,0,0,49.9881294,29.48857,-99.70478,578.2,20.77367,1028.29,1009.88,0.5043,1.686287159,0.948294778,0.555785114,0.154644087,0.671337553,    Woody Savannas,0.146855836,1.634309521
8324000,0.21135423,0.22170674,1.53157974,3.063129185,0.238578721,0.365429082,1.99998022,27.7,1.582857143,jja,286.65,7.929460581,mam,Acid volcanic rocks,0.392756876,Carbonate sedimentary rocks,0.123077032,0.123077032,0.1076,-12.8974,0.14126295,0.092233493,0.695164274,0.640324967,0.883593211,0.028355526,0.591415257,19.9,9.707317073,15,3.797468354,0,200.25,13,"JEMEZ RIVER NEAR JEMEZ, NM",1.22278057,1.339022402,0.431404891,1.583200091,0.530150074,43.32053586,30.93733163,17.75147437,0,0,8.035638559,35.66169,-106.74337,2459.47,74.75895,1207.95,1222.2,0.5803,1.646695817,0.865648383,0.584625736,0.160920299,0.522832424,    Evergreen Needleleaf Forest,0.160164625,1.760388544
9430500,0.317148178,0.276107105,1.29077755,3.449750732,0.473474964,0.139533552,2.672614451,26.4,1.665615142,jja,293.95,9.930743243,mam,Basic volcanic rocks,0.396461641,Siliciclastic sedimentary rocks,0.226634456,0,0.137,-12.6397,0.09013827,0.069832536,0.821655273,0.582299573,2.193725351,0.014257048,0.305508161,11.85,4.836734694,31.9,12.03773585,0,178.9,15,"GILA RIVER NEAR GILA, NM",3.619455943,1.002273998,0.435160843,1.299293515,0.420820558,36.9259333,26.04109529,26.03152379,0,0,11.10061004,33.06118,-108.53727,2227.36,58.13208,4804.93,4809.49,0.4793,0.953463616,0.508049478,0.39922301,0.116776395,0.31449795,    Woody Savannas,0.165478464,2.011207289
9484600,-5.128099455,0.107513577,1.263404517,3.70382902,0.426710731,0.010148258,2.931625595,28.8,1.669565217,jja,305.6,11.23529412,mam,Siliciclastic sedimentary rocks,0.705469103,Acid plutonic rocks,0.09645842,0.057423151,0.2172,-12.6202,0.01189519,0.009415187,0.343443717,0.222636357,1.610588424,0.000331854,0.033185436,29.25,3.75,239.9,26.36263736,0.00054757,246.85,15,"PANTANO WASH NEAR VAIL, AZ.",6.91719379,1.135352276,0.441451572,1.143141211,0.46529462,34.64011088,26.38831101,23.32917995,0,0,11.81905489,32.03591,-110.67758,1347.5,44.72847,1179.59,1240.13,0.0621,0.649335259,0.410887939,0.306563001,0.140119513,0.671740686,    Open Shrublands,0.175010504,2.581141345
9494000,0.402013685,0.378901452,1.709345654,3.102372676,0.093496828,0.23555411,1.814947532,23.25,1.65480427,jja,281.9,9.197389886,mam,Siliciclastic sedimentary rocks,0.413211081,Basic volcanic rocks,0.330815029,0,0.1492,-13.1224,0.24871626,0.145503783,0.988595252,0.631232211,2.303597778,0.02554417,1.004937708,27.7,9.081967213,70.75,11.41129032,0,197.5,15,"WHITE RIVER NEAR FORT APACHE, AZ.",1.138095238,1.348417584,0.439357207,1.138247557,0.513110965,35.86926944,29.79345968,24.32071995,0,0,9.98961405,33.73644,-110.16677,2153.94,50.88758,1628.23,1628.4,0.8391,1.74472716,0.889040897,0.604638908,0.169272153,0.574200831,    Evergreen Needleleaf Forest,0.179470633,2.01588849
11473900,-1.571694281,-0.02057108,3.65355373,2.797847912,-1.230574447,0.262478357,0.765788084,26.65,1.883392226,djf,277.05,10.24214418,jja,Siliciclastic sedimentary rocks,0.575037875,Metamorphics,0.391772321,0,0.1206,-14.6914,1.842948936,0.504426395,2.091859329,0.49146535,1.637187455,0.007498556,7.353668867,53.2,7.093333333,180,53.73134328,0,144.8,18,MF EEL R NR DOS RIOS CA,1.994949495,0.783653926,0.435755723,1.59367624,0.29263158,36.52148904,30.26055991,17.62286811,0,0,14.34472692,39.70627,-123.32529,1037.85,126.70666,1925.01,1930.41,0.9609,2.633486911,1.408469392,0.701223891,0.139687407,0.571273869,    Evergreen Needleleaf Forest,0.165959066,1.774370287
11522500,0.680157523,0.071281629,3.135530459,3.258590691,-1.053256924,0.249129777,1.039247022,22.7,1.570934256,djf,260.85,7.728888889,jja,Siliciclastic sedimentary rocks,0.479067102,Intermediate plutonic rocks,0.27172203,0.002438071,0.0803,-14.935,2.176660664,0.694192161,2.497305465,0.649928968,1.476078987,0.166452554,6.635438432,5.3,2.585365854,110.85,31.67142857,0,167.95,18,SALMON R A SOMES BAR CA,0.636304063,0.706560816,0.427086974,2.137563467,0.2859153,50.74303476,34.201173,14.54277495,0,0,0.638206486,41.37763,-123.47756,1279.3,152.80074,1943.12,1946.3,0.9907,3.610957937,2.056403305,0.81225611,0.185545621,0.990774303,    Evergreen Needleleaf Forest,0.169541378,1.797232291
11528700,-1.578217045,-1.649875769,3.706082136,3.58440768,-1.152901792,0.271305322,0.96716898,23.95,1.575657895,djf,264.95,8.672667758,jja,Siliciclastic sedimentary rocks,0.711542901,Metamorphics,0.142396471,0,0.0993,-15.5936,1.585692027,0.427862084,1.79436581,0.55109633,1.886823866,0.042010206,6.274347814,36.65,8.329545455,161.15,53.71666667,0,147,18,SF TRINITY R BL HYAMPOM CA,1.032594524,0.857008209,0.429199596,1.830850058,0.355624693,47.70967833,32.46601878,18.7739332,0,0,1.191776393,40.64986,-123.4942,1019.07,107.62195,1980.08,1982.54,0.9905,3.425244949,1.668729639,0.813362585,0.127174131,0.964375763,    Evergreen Needleleaf Forest,0.169643758,1.796437576
11532500,0.549796811,0.577899702,5.584642026,2.320768871,-1.019855003,0.048535377,0.415562691,20.65,1.570342205,djf,239.9,6.796033994,jja,Siliciclastic sedimentary rocks,0.427128498,Metamorphics,0.266985317,0,0.0715,-14.8472,5.391817363,0.965472333,2.061190443,0.527081345,1.385016982,0.35815797,19.84598278,16.8,2.645669291,133.9,45.38983051,0,132.1,18,SMITH R NR CRESCENT CITY CA,0.937226857,0.918783593,0.439131726,1.296384901,0.413826635,39.28599349,34.12797289,26.6093761,0,0,0.195106763,41.7915,-124.07619,725.07,112.11076,1577.96,1590.16,0.9993,3.628138862,1.575516218,0.81410272,0.116730443,1,    Evergreen Needleleaf Forest,0.17,1.8
12040500,0.567406038,0.508522965,8.15461191,1.899096482,-0.771170718,0.067091784,0.232886188,12.1,1.367231638,djf,170.35,4.362355954,jja,Siliciclastic sedimentary rocks,0.711322133,Unconsolidated sediments,0.285345252,0,0.1982,-14.5632,9.688438106,1.188093095,1.406474214,0.515538191,1.019349292,1.060980275,31.81668156,9,1.747572816,63.9,14.52272727,0,117.1,17,"QUEETS RIVER NEAR CLEARWATER, WA",2.581521739,1.166520779,0.441133615,1.419023483,0.466883557,37.53469787,38.15536561,16.85925544,0,0,9.867538221,47.53786,-124.31575,437.01,96.58146,1153.44,1155.71,0.9969,3.750003499,2.282353485,0.82580404,0.16979589,0.972205998,    Evergreen Needleleaf Forest,,
12189500,0.590664577,0.486769505,5.899932923,2.030547091,-0.76830205,0.457875715,0.344164437,11.4,1.52,djf,175.8,4.688,jja,Metamorphics,0.617299181,Basic volcanic rocks,0.1101699,0,0.0614,-13.8887,5.7804417,0.97974702,1.417159394,0.662259705,0.87335606,1.556043779,13.84615227,1.2,1.333333333,3.4,5.666666667,0,186.95,17,"SAUK RIVER NEAR SAUK, WA",0.907344283,1.500000015,0.428301586,2.303738321,0.245838423,19.84792783,14.68307941,4.703322637,0.893708334,0,60.29629521,48.42456,-121.56846,1206.01,197.12231,1855.32,1858.59,0.9465,3.179640932,2.273437927,0.759429531,0.27227627,0.807519365,    Evergreen Needleleaf Forest,0.170291229,1.810899919
12358500,0.669934235,0.79544565,3.330401095,2.218182683,-0.370059049,0.558849304,0.666040702,9.9,1.346938776,djf,192.7,4.202835333,jja,Siliciclastic sedimentary rocks,0.320226003,Metamorphics,0.310319524,0.153544319,0.1295,-14.155,2.338707154,0.702229878,1.39672515,0.613435019,1.148279638,0.332959155,9.239616546,21.65,7.596491228,73.6,23,0,237.45,17,Middle Fork Flathead River nr West Glacier MT,0.700782779,1.498827136,0.431164335,1.881549613,0.611265393,47.51069012,35.99445021,15.78298463,0.840027525,0,48.27105824,48.49524,-114.01012,1559.24,106.51262,2939.19,2916.98,0.7376,2.467720092,1.850589326,0.68186494,0.290454496,0.708913902,    Evergreen Needleleaf Forest,,
12414500,0.75417335,0.811142338,3.662435318,2.325067201,-0.687245777,0.549797433,0.634841847,14.3,1.401960784,djf,204.4,4.878281623,jja,Metamorphics,0.513292328,Siliciclastic sedimentary rocks,0.419676916,0,0.0598,-15.0861,2.073838978,0.566245899,1.704090694,0.631105322,1.341920814,0.311419038,7.085011434,11.45,5.452380952,71.9,11.06153846,0,211.75,17,ST JOE RIVER AT CALDER ID,0.642018269,1.500000015,0.447707937,1.364241522,0.631563192,37.04974689,42.02277931,11.31273625,0,0,0.765585846,47.27464,-116.18905,1381.41,104.37793,2678.97,2660.37,0.9997,4.037684889,2.93014359,0.857496418,0.290844548,0.908507553,    Evergreen Needleleaf Forest,0.177319396,1.854895468
13023000,0.641810356,0.531243446,2.357442847,3.077620917,-0.462636854,0.646858625,1.305491211,16.6,1.307086614,djf,235.15,5.179515419,jja,Siliciclastic sedimentary rocks,0.411606971,Carbonate sedimentary rocks,0.216480807,0.216480807,0.1595,-14.127,1.242942666,0.527241909,1.134503665,0.707864369,1.173679143,0.315842032,4.29545163,6.7,6.7,0.75,1.5,0,239.55,17,GREYS RIVER AB RESERVOIR NR ALPINE WY,0.705352411,1.074524553,0.437135639,1.647021425,0.439397327,41.62666169,37.68596397,17.91177254,0,0,3.008054612,43.14278,-110.97667,2441.62,98.50956,1161.93,1163.72,0.6753,1.873641575,1.409807012,0.611180656,0.287211109,0.736901998,    Grasslands,0.133519046,1.568005037
13235000,-0.134353418,-0.875455078,2.566986995,2.68358104,-0.810877697,0.677895076,1.045420583,21.25,1.551094891,djf,256.75,6.370967742,jja,Acid plutonic rocks,0.960113771,Unconsolidated sediments,0.026350548,0,0.0215,-14.0367,1.659956129,0.646655449,1.062178392,0.700849219,1.298637653,0.487956403,5.783965983,9.1,9.1,0.55,2.2,0,234.7,17,SF PAYETTE RIVER AT LOWMAN ID,0.440083726,1.469988401,0.422665523,2.043770957,0.594184236,55.45535694,19.02184128,6.386315281,0,0,20.237681,44.08528,-115.62222,2075.34,126.24587,1163.23,1158.47,0.8604,1.435938241,0.995221403,0.514688061,0.208678314,0.667812825,    Grasslands,0.136881928,1.596543094
13337000,0.867587422,0.673570429,3.588317591,2.329419329,-0.581498861,0.564570326,0.649167547,11.9,1.36,djf,194.5,4.726609964,jja,Acid plutonic rocks,0.775783018,Metamorphics,0.21534128,0,0.0122,-14.0656,2.158771424,0.601611025,1.395440314,0.615920899,1.159293609,0.291817966,8.172826065,19.1,7.346153846,69.75,10.56818182,0,226.1,17,LOCHSA RIVER NR LOWELL ID,0.625455942,1.467986273,0.446817295,1.39131611,0.51492852,32.41075194,32.46413912,8.624815149,0,0,18.10961007,46.15083,-115.58722,1548.18,120.82851,3053.42,3052.66,0.9726,3.464977366,2.544980849,0.799287303,0.297921204,0.759426242,    Evergreen Needleleaf Forest,0.182163688,1.892183738
13338500,0.640467404,0.790709341,2.325842574,2.255713306,-0.268508919,0.360817479,0.969847801,11.65,1.245989305,mam,213.85,4.694840834,jja,Metamorphics,0.445057097,Acid plutonic rocks,0.289151535,0,0.0346,-13.7088,0.726261972,0.312257579,1.537813991,0.652413736,1.618504324,0.113155129,2.562155428,13.75,6.395348837,48.1,7.950413223,0,219.65,17,SF CLEARWATER RIVER AT STITES ID,0.870519099,1.232577005,0.474240369,0.786380007,0.506893259,17.63423219,30.7114672,12.30841143,0,0,8.326385652,46.08639,-115.97667,1418.36,110.2649,3027,3025.65,0.8078,3.271542595,2.393961804,0.781083469,0.287994832,0.748573223,    Evergreen Needleleaf Forest,0.169180664,1.724571967
13340000,0.842936494,0.664921687,2.943639973,2.337129391,-0.463349278,0.455800484,0.79395898,9.7,1.366197183,djf,192.6,4.755555556,jja,Acid plutonic rocks,0.571494141,Metamorphics,0.24987984,0,0.0384,-13.7311,1.453187159,0.493670141,1.648287486,0.635650457,1.288079074,0.207468849,5.161001948,12.55,6.972222222,59.45,11.89,0,223.8,17,CLEARWATER RIVER AT OROFINO ID,1.077198236,1.354593145,0.458446946,1.041352576,0.530334565,27.07336083,35.50156606,12.23180145,0,0,12.96806144,46.47833,-116.2575,1457.99,113.85035,14268.92,14270.76,0.8441,3.208260487,2.328553205,0.768382833,0.285570663,0.745905562,    Evergreen Needleleaf Forest,0.170979927,1.776767461
13340600,0.807763412,0.71205317,3.774498289,2.267266598,-0.658674084,0.557400052,0.600680256,13.75,1.334951456,djf,204.4,4.753488372,jja,Acid plutonic rocks,0.522783903,Metamorphics,0.475323525,0,0.0103,-14.101,2.442704025,0.647159924,1.471491902,0.661433024,1.142151395,0.494621607,8.095399346,7.45,5.730769231,16.5,4.782608696,0,218.35,17,NF CLEARWATER RIVER NR CANYON RANGER STATION ID,0.649790503,1.500000015,0.447284511,1.415448207,0.556632158,32.40623547,37.79886241,10.28418105,0,0,13.72816997,46.84047,-115.6207,1417.79,109.15233,3354.62,3354.61,0.998,3.971995908,2.936631449,0.852585518,0.316486242,0.854446776,    Evergreen Needleleaf Forest,0.180096542,1.876616981
14301000,0.881145974,0.871493009,5.819216975,2.838102601,-0.872838458,0.03247989,0.487712112,12.05,1.685314685,djf,179.5,5.358208955,jja,Siliciclastic sedimentary rocks,0.650459538,Basic volcanic rocks,0.303668649,0,0.1384,-14.6236,3.618246886,0.621775559,2.0637585,0.516547101,1.513209237,0.126290076,14.17255297,19.35,4.206521739,131.4,41.0625,0,119.35,17,"NEHALEM RIVER NEAR FOSS, OR",1.269452939,1.097681046,0.46620322,0.869890749,0.503947525,22.01054483,57.69585909,20.19355758,0,0,0.101723862,45.704,-123.7554,375.21,62.14889,1743.54,1745.19,0.963,4.474233274,2.538666919,0.871688745,0.143892429,0.759989835,    Evergreen Needleleaf Forest,0.189200813,1.944006099
