basin_id,NSE_CNN_LSTM,NSE_LSTM,soil_depth_pelletier,soil_depth_statsgo,soil_porosity,soil_conductivity,max_water_content,sand_frac,silt_frac,clay_frac,water_frac,organic_frac,other_frac,huc_02,gauge_name,gauge_lat,gauge_lon,elev_mean,slope_mean,area_gages2,area_geospa_fabric,geol_1st_class,glim_1st_class_frac,geol_2nd_class,glim_2nd_class_frac,carbonate_rocks_frac,geol_porostiy,geol_permeability,q_mean,runoff_ratio,slope_fdc,baseflow_index,stream_elas,q5,q95,high_q_freq,high_q_dur,low_q_freq,low_q_dur,zero_q_freq,hfd_mean,frac_forest,lai_max,lai_diff,gvf_max,gvf_diff,dom_land_cover_frac,dom_land_cover,root_depth_50,root_depth_99,p_mean,pet_mean,p_seasonality,frac_snow,aridity,high_prec_freq,high_prec_dur,high_prec_timing,low_prec_freq,low_prec_dur,low_prec_timing
07066000,0.7621621158978056,0.5634654631805638,2.24872448979592,1.45928859059568,0.470688678735336,0.5910057492686,0.688460464786599,15.284620328601,49.1673520741174,34.0734064812186,0.0,0.0,0.0,11,"Jacks Fork at Eminence, MO",37.15408,-91.35816,343.23,10.30686,1053.5,1050.66,Carbonate sedimentary rocks,0.636085186630631,Siliciclastic sedimentary rocks,0.363914813369369,0.636085186630631,0.1364,-12.055,1.16839469075544,0.355359320583125,1.16848275091002,0.589871241362339,1.32021902528197,0.306547671582764,3.29770980036003,7.7,1.7906976744186,0.0,0.0,0.0,175.45,0.693,4.61463130691326,4.07182736262562,0.844997812893784,0.478574461918826,0.747145082795381,    Deciduous Broadleaf Forest,0.187471450827937,1.87357254139755,3.28792470910335,2.75392836413415,0.0581490297793631,0.0562313137196695,0.837588633495557,26.9,1.27186761229314,mam,279.55,5.79378238341969,jja
08014500,0.7220999686162546,0.7464896188525123,44.6132748217224,1.50000001490116,0.448874743566099,1.20664302145334,0.67639886924096,34.6059642562151,46.4866960058495,18.8778032164218,0.0,0.0,0.0,8,"Whiskey Chitto Creek Near Oberlin, LA",30.69875,-92.89319,57.95,3.28615,1305.15,1325.02,Unconsolidated sediments,0.87120703872165,Siliciclastic sedimentary rocks,0.12879296127835,0.0,0.1715,-13.9215,1.42309618035851,0.318200179475129,1.11765571003376,0.492428349065241,2.11881932545961,0.238068493494769,4.83260296243711,14.35,4.55555555555556,38.1,14.9411764705882,0.0,144.6,0.8187,4.67051473252856,2.73525233165406,0.822381094170114,0.144744490811663,0.783430564648533,    Mixed Forests,0.230508750818367,2.24840139525396,4.47232991101985,3.27026761122519,-0.10171220484307,0.0022457658116513,0.731222355302373,21.25,1.21776504297994,djf,253.3,4.81558935361217,mam
13023000,0.7961559317716701,0.8766155843661996,0.705352411234764,1.07452455282309,0.437135638745775,1.64702142461193,0.439397327209317,41.6266616872598,37.6859639662134,17.9117725388913,0.0,0.0,3.00805461207292,17,GREYS RIVER AB RESERVOIR NR ALPINE WY,43.14278,-110.97667,2441.62,98.50956,1161.93,1163.72,Siliciclastic sedimentary rocks,0.411606970750814,Carbonate sedimentary rocks,0.216480807479054,0.216480807479054,0.1595,-14.127,1.24294266636086,0.527241908642763,1.13450366468707,0.70786436868285,1.17367914341231,0.315842031647621,4.29545163040764,6.7,6.7,0.75,1.5,0.0,239.55,0.6753,1.87364157511906,1.40980701215549,0.611180655898969,0.287211108638697,0.736901998443576,    Grasslands,0.133519045536941,1.56800503669256,2.35744284736482,3.07762091718001,-0.46263685443009,0.646858624758436,1.30549121079233,16.6,1.30708661417323,djf,235.15,5.1795154185022,jja
13235000,0.7774792905833119,0.8501856627994377,0.440083725798012,1.46998840090386,0.422665523012559,2.04377095670885,0.594184236472063,55.4553569389026,19.0218412785734,6.38631528115382,0.0,0.0,20.2376809977714,17,SF PAYETTE RIVER AT LOWMAN ID,44.08528,-115.62222,2075.34,126.24587,1163.23,1158.47,Acid plutonic rocks,0.96011377106886,Unconsolidated sediments,0.0263505483120769,0.0,0.0215,-14.0367,1.65995612868976,0.646655449282774,1.06217839174091,0.700849219008428,1.29863765330813,0.487956402918874,5.78396598287458,9.1,9.1,0.55,2.2,0.0,234.7,0.8604,1.43593824094104,0.995221402904156,0.514688061224127,0.208678313868378,0.667812825298382,    Grasslands,0.136881928051052,1.59654309397191,2.56698699520876,2.6835810403833,-0.810877697022429,0.677895075896552,1.04542058272682,21.25,1.55109489051095,djf,256.75,6.37096774193548,jja
08190000,0.6032408776243984,0.6731331930569876,1.87590683466972,0.839523800105402,0.455489645283508,0.599163652066009,0.186678309583177,10.2844588688814,10.4234072853878,20.3747978549989,0.0,0.0,54.5401599621338,12,"Nueces Rv at Laguna, TX",29.42857,-99.99729,567.77,17.30756,1961.43,1923.12,Carbonate sedimentary rocks,0.924281045407362,Unconsolidated sediments,0.0757189545926378,0.924281045407362,0.0721,-11.8909,0.264091750110504,0.137735058901615,0.987566008191364,0.58738536540975,1.53247617110158,0.0361729405693373,0.711983257826817,8.15,3.97560975609756,39.6,24.75,0.0,175.15,0.2878,1.28653667312889,0.669317140354942,0.492121795903854,0.12684093176896,0.506328301937754,    Grasslands,0.139886182375236,1.60848635130506,1.91738945927447,3.39890813141684,0.375019993669262,0.0037075564040486,1.77267488093054,25.2,1.38461538461538,son,311.25,10.0565428109855,djf
06906800,0.7534644209136402,0.717579442176681,4.42065727699531,1.49913833910182,0.475249255187133,0.592431084313103,0.707773848701598,13.1086341532448,56.8100730981011,30.0552482551975,0.0,0.0,0.0278241212391526,10,"Lamine River near Otterville, MO",38.70225,-92.97883,279.08,8.38096,1414.75,1411.96,Carbonate sedimentary rocks,0.597091089573001,Siliciclastic sedimentary rocks,0.402908910426999,0.597091089573001,0.1224,-12.6822,0.917229115274831,0.287498833421479,0.708449407190704,0.194642402495136,2.48583568704859,0.0089925377889052,3.07475619012953,43.05,3.075,213.45,19.6728110599078,0.0,198.3,0.3516,2.58040152472755,2.17476376213288,0.713011098998999,0.405741049849812,0.772637099142914,    cropland/natural vegetation mosaic,0.180202270310869,1.51011351554409,3.19037508555784,2.65641971252567,0.364725736915439,0.0604504736826071,0.832635549516019,24.05,1.31420765027322,jja,269.15,5.32970297029703,djf
02051500,0.7134439687657799,0.6692710542818274,1.09669811320755,1.50000001490116,0.451511688872732,0.730584077248267,0.671515641963934,27.7843375984398,22.0416443910621,37.9312209121119,0.0,0.0,0.0,3,"MEHERRIN RIVER NEAR LAWRENCEVILLE, VA",36.71681,-77.83166,113.4,6.85615,1428.71,1432.41,Metamorphics,0.581439835258042,Acid plutonic rocks,0.346672892466263,0.0,0.0114,-14.0727,0.820122283424975,0.257069561634736,1.50590977013149,0.469506284543678,1.27092546742948,0.0513731032655081,2.77414757633743,13.9,1.87837837837838,90.9,15.15,0.0,164.35,0.9081,4.9075760119925,3.67203923667903,0.854645475160068,0.32552022781499,0.616568024302389,    Mixed Forests,0.223064565707884,2.07848407449621,3.19027378507871,2.9769690349076,0.120039306078787,0.0525514965704711,0.933139045567573,23.25,1.15960099750623,jja,260.85,4.61273209549072,son
12189500,0.5950052565733188,0.6470319210669756,0.907344282615432,1.50000001490116,0.428301585945851,2.30373832084597,0.245838422981656,19.8479278272166,14.6830794062579,4.70332263666252,0.893708333617182,0.0,60.2962952129064,17,"SAUK RIVER NEAR SAUK, WA",48.42456,-121.56846,1206.01,197.12231,1855.32,1858.59,Metamorphics,0.617299181391871,Basic volcanic rocks,0.11016990012946,0.0,0.0614,-13.8887,5.7804417001602,0.979747020167523,1.41715939435239,0.662259704857335,0.873356059894698,1.55604377883469,13.8461522692918,1.2,1.33333333333333,3.4,5.66666666666667,0.0,186.95,0.9465,3.1796409320158,2.27343792699089,0.759429530502437,0.272276270130561,0.807519365153244,    Evergreen Needleleaf Forest,0.170291228563415,1.81089991935497,5.89993292265572,2.03054709103354,-0.768302049675756,0.457875714546575,0.344164436723721,11.4,1.52,djf,175.8,4.688,jja
05291000,0.1869360633416569,0.32222781211967455,38.6225988700565,1.50000001490116,0.444663198647977,1.10596915919126,0.646622054149042,34.8452394034957,35.893972164257,26.1177052679846,0.213511562120734,0.0,3.13600012461218,7,"WHETSTONE RIVER NEAR BIG STONE CITY, SD",45.29163,-96.48756,432.13,8.90129,1046.78,1058.82,Unconsolidated sediments,1.0,,0.0,0.0,0.1537,-13.9127,0.218208322329203,0.125753255211332,0.778985198466787,0.414744394614876,3.15774959562264,0.0077128902924311,0.852157515339507,32.8,8.74666666666667,153.0,32.2105263157895,0.0,209.45,0.0059,2.15290652311635,1.91264892176577,0.69275448393126,0.513102972179959,0.999999999999895,    Croplands,0.179999999999981,1.49999999999984,1.73521013004791,2.23716446269678,0.75120196348746,0.148874500915531,1.28927581965823,24.25,1.38176638176638,jja,288.1,6.5551763367463,djf
02196000,0.7361616415257322,0.7859517761298037,1.31293532338308,1.36878049909613,0.457560711936716,0.75691595421773,0.616410489434797,24.2930917361569,37.5082503325754,32.8072935175685,0.0,0.0,2.66236768692552,3,"STEVENS CREEK NEAR MODOC, SC",33.7293,-82.18179,142.19,7.2448,1408.38,1408.7,Metamorphics,0.820199337841139,Acid plutonic rocks,0.137584164723251,0.0,0.0141,-14.0784,0.573991447278042,0.172656693898559,1.10969796726699,0.323145980934591,3.36453258662083,0.0064274766174829,2.22355947848057,32.0,2.73504273504274,169.15,17.3487179487179,0.0,152.55,0.8727,4.76769504611559,3.23309839543129,0.83135035252581,0.223176768809838,0.590810227162036,    Mixed Forests,,,3.32446680355921,3.90583292265572,-0.0168230878908123,0.014697822503637,1.17487499603669,22.45,1.19733333333333,djf,261.5,4.84259259259259,son
05466500,0.6967437967130332,0.6933972105316072,38.1003271537623,1.50000001490116,0.473261289991788,0.663955267347387,0.677781999421985,15.1990072701406,56.6705447832112,24.5796463002969,0.0,0.0,3.63681091734185,7,"EDWARDS RIVER NEAR NEW BOSTON, IL",41.18698,-90.96737,222.09,4.95695,1151.57,1163.86,Siliciclastic sedimentary rocks,0.640842667534692,Mixed sedimentary rocks,0.326072191460081,0.0330851410052271,0.1614,-15.5393,0.822518869984269,0.30124153243542,1.61241079995653,0.523850887972589,2.05831329411688,0.0488647998364167,3.12309807650142,16.5,3.23529411764706,101.95,21.020618556701,0.0,201.75,0.0954,2.53229567437625,2.336498578874,0.759089343319279,0.589845885546495,0.959874083295987,    Croplands,0.179999999999965,1.49999999999971,2.73042984257358,2.44143908281999,0.409918998753446,0.107102802145215,0.894159243629859,22.55,1.26685393258427,jja,259.6,5.05058365758755,djf
02479300,0.7468484144852403,0.7376731532113441,34.9230769230769,1.50000001490116,0.425102889962934,2.04044224405252,0.617727034253175,51.6195551821352,30.4556507615305,17.8306531849571,0.194983537655912,0.0,0.0,3,"RED CREEK AT VESTRY, MS",30.73611,-88.78111,65.19,5.84957,1144.2,1153.42,Unconsolidated sediments,1.0,,0.0,0.0,0.2367,-12.4162,1.77199543549206,0.383667707301466,1.25656181690328,0.507678141803276,1.63731976715768,0.307906728333357,6.60716521215329,12.55,3.21794871794872,34.0,10.625,0.0,162.4,0.8895,4.63624885415172,2.77027365763764,0.812993083166148,0.148993865172104,0.63762627814095,    Woody Savannas,0.176696023520461,2.14467294266341,4.61856810403833,3.21301212867899,0.0100866497787576,0.0007412865485982,0.695672783490976,20.5,1.19883040935673,djf,247.9,4.7444976076555,mam
08195000,0.6745877333178106,0.7089422940257122,1.69543147208122,0.757032747916038,0.45552075264635,0.58924414434121,0.168335748748056,10.6466246316532,10.9006779640284,22.2187566449931,0.0,0.0,49.9881294010024,12,"Frio Rv at Concan, TX",29.48857,-99.70478,578.2,20.77367,1028.29,1009.88,Carbonate sedimentary rocks,0.925547329334804,Unconsolidated sediments,0.0744526706651965,0.925547329334804,0.0719,-11.8893,0.363266251562311,0.164256659942217,0.972523502909431,0.629209000587652,1.27970177366504,0.0594816526842817,1.0349807567065,6.85,3.425,30.5,16.9444444444444,0.0,191.65,0.5043,1.68628715931265,0.94829477755453,0.555785114401505,0.154644087169344,0.671337552628395,    Woody Savannas,0.146855836033324,1.63430952123308,2.21157700205339,3.38704205338809,0.36979018821797,0.0043576302166992,1.53150536935558,25.0,1.35869565217391,son,309.4,9.68388106416275,djf
02479560,0.7602040757657884,0.7173213462035694,30.4417571569595,1.50000001490116,0.421029230296843,2.2988267218082,0.626086380931309,54.7379291822674,28.261555104663,16.872730444158,0.0,0.0,0.0,3,ESCATAWPA RIVER NEAR AGRICOLA MS,30.80908,-88.45863,64.68,6.14661,1454.33,1455.83,Unconsolidated sediments,1.0,,0.0,0.0,0.2379,-12.3745,1.76843502282577,0.380309390781085,1.59410803851165,0.494979430672243,1.7921706764794,0.196825575233413,6.38926098065386,11.8,3.6875,73.55,11.1439393939394,0.0,159.1,0.8849,4.44717266096067,2.67080037381341,0.803758744759213,0.156628670484991,0.791411100466532,    Woody Savannas,0.174224699283905,1.90059184976252,4.64999041752225,3.18509713894593,-0.0243605221446677,0.0008881841770739,0.684968538202518,20.1,1.29260450160772,djf,247.05,4.88241106719368,son
06847900,0.2022258120313457,0.08700021622430121,41.1476510067114,1.50000001490115,0.474609751236941,0.847090362267965,0.692591197761903,17.5606333005653,67.7749004733701,14.7409445304165,0.0,0.0,0.0,10,"PRAIRIE DOG C AB KEITH SEBELIUS LAKE, KS",39.76985,-100.10078,885.8,6.55023,1536.19,1539.16,Unconsolidated sediments,0.885004735706505,Mixed sedimentary rocks,0.114995264293495,0.0,0.1723,-13.6252,0.0121807342820902,0.0077308463966411,1.50560096413134,0.452948638712308,1.23587717402422,0.0,0.0222967586286092,7.6,3.10204081632653,130.6,25.8613861386139,0.134017796030116,204.65,0.001,0.922368767144321,0.659688667437801,0.418650602488718,0.213876991256613,0.564612419377989,    Grasslands,0.146123254837301,1.49999999999983,1.57560164271047,3.30560683093771,0.804810475115176,0.102382584534704,2.09799656292002,24.65,1.3252688172043,jja,297.3,7.36802973977695,djf
08013000,0.7712800179423921,0.7467174074772212,44.1684152401988,1.50000001490116,0.447360039718332,1.081808311834,0.630559640706226,31.7648144920937,38.5898223435033,22.802275633143,0.0,0.0,6.77282977584037,8,"CALCASIEU RIVER NR GLENMORA, LA",30.99602,-92.67375,75.95,4.567,1293.69,1300.18,Unconsolidated sediments,0.851996578915203,Siliciclastic sedimentary rocks,0.148003421084798,0.0,0.1728,-13.9362,1.47547520910196,0.341541507541045,1.25454162315344,0.349477437684238,2.23913822179093,0.0491701753776166,6.52450404049143,61.25,10.6521739130435,184.7,24.6266666666667,0.0,140.8,0.9144,4.83560862597344,2.99419305654465,0.828604928185975,0.160985302859105,0.771939297807946,    Mixed Forests,0.229474536802711,2.24035750846551,4.32004654346338,3.21965529089665,-0.156904435045654,0.0032863361803717,0.745282546959656,21.9,1.23380281690141,djf,251.3,4.8843537414966,mam
06352000,0.07513764488824837,0.17067595503150168,1.5291734197731,1.49371864831206,0.448029904019549,0.966925684162524,0.383676796974224,18.6418710729414,22.477848665495,16.0889061721259,0.0,0.0,42.74058174245,10,"CEDAR CREEK NR HAYNES, ND",46.15417,-102.47405,840.97,7.25043,1441.83,1443.13,Unconsolidated sediments,0.998667780414871,Mixed sedimentary rocks,0.0008279999005637,0.0,0.2206,-12.9728,0.052164785508748,0.0476100574275385,0.364716096542008,0.236326012393306,1.94023496851304,0.0004072450503399,0.135748350113331,38.05,15.8541666666667,253.65,58.9883720930233,0.0209445585215606,198.5,0.0,1.32741386908539,1.14545032170026,0.499443683369832,0.367105673625094,0.667461296151084,    Croplands,0.160047677769054,1.49999999999986,1.09566735112936,2.33464149212868,0.751851497127695,0.168403955596369,2.13079406785484,24.15,1.46808510638298,jja,301.65,8.01195219123506,djf
04059500,0.7262451750789671,0.7771609584754657,35.5941320293399,1.50000001490115,0.444443220265625,2.46507658338237,0.644228440037302,50.8298083991366,33.4004119071603,12.0129497711906,0.0,4.06742774879556,0.0,4,"FORD RIVER NEAR HYDE, MI",45.75552,-87.20152,314.09,6.07833,1184.37,1188.82,Siliciclastic sedimentary rocks,0.461609619194202,Carbonate sedimentary rocks,0.410948191000787,0.410948191000787,0.1141,-13.6525,0.659663746607046,0.302179075220792,1.34444556709725,0.527200280318615,1.83275187913918,0.0702344440915079,2.60280586927353,16.85,8.86842105263158,67.9,25.1481481481481,0.0,200.4,0.9954,4.8048535142403,4.11276029534763,0.876828158200188,0.449707172141686,0.91982388254828,    Mixed Forests,0.244399966592872,2.32845623501897,2.18302258726899,2.33493660506502,0.380564370968015,0.235319790957285,1.06958884378108,21.45,1.23631123919308,jja,245.45,4.08063175394846,djf
08101000,0.6656609424635699,0.7633271463825106,1.13164251207729,1.22618643480429,0.457825128829213,0.742507473116237,0.484193793431801,18.2788597811428,33.9087033469631,27.1033380515529,0.0,0.0,20.71163488017,12,"Cowhouse Ck at Pidcoke, TX",31.28489,-97.88502,388.23,11.33266,1177.1,1184.49,Mixed sedimentary rocks,0.95254451736969,Unconsolidated sediments,0.0449993982673878,0.0024560843629218,0.1678,-15.173,0.274406464804529,0.114503877198328,0.743672979713196,0.317706584234404,3.42926249287182,0.0,0.912867198712961,60.15,7.96688741721854,223.65,31.95,0.0767967145790554,197.65,0.0067,1.23935478234518,0.821306553976997,0.488418364916188,0.19690570821472,0.953922338009696,    Grasslands,0.122287713829571,1.54033804689561,2.39648186173854,3.30188913073238,0.105146588941242,0.0091795525039557,1.37780685239028,26.0,1.43646408839779,mam,293.2,7.7875166002656,jja
04074950,0.6256741043328239,0.6327436314089202,24.2622377622378,1.50000001490116,0.430104886334713,3.77158796686628,0.656354333825635,64.7081157908617,23.0266564521972,7.25852470353954,1.70576539755497,4.89631326364927,0.0,4,"WOLF RIVER AT LANGLADE, WI",45.18997,-88.73344,482.31,7.42761,1205.53,1216.29,Metamorphics,0.467018502255837,Basic volcanic rocks,0.318967144419434,0.0,0.0426,-13.4489,0.825172259261521,0.347895638171459,0.953964071475073,0.782622235261914,0.546631403275666,0.381538578519966,1.81352592428426,0.0,0.0,0.0,0.0,0.0,199.2,0.9667,4.80448882952551,4.25216137640408,0.850047377560946,0.493764059949608,0.75003475098612,    Mixed Forests,0.234690628185567,2.28444105671537,2.37189596167009,2.31414663928816,0.534512715369945,0.203272983314769,0.975652674773615,20.9,1.2330383480826,jja,250.15,4.09410801963993,djf
08175000,0.5958051648788154,0.5213640475306485,7.02166064981949,1.50000001490117,0.426574364319622,1.25374727528766,0.647864531051937,46.3706043478544,19.5964708146897,33.9983175849353,0.0,0.0,0.0,12,"Sandies Ck nr Westhoff, TX",29.21525,-97.44943,113.27,5.3832,1421.66,1425.27,Unconsolidated sediments,0.595371975222437,Siliciclastic sedimentary rocks,0.404628024777563,0.0,0.209,-13.7901,0.2536533425982,0.104975523829047,0.22615231710556,0.139486633838451,2.6502918768355,0.0016348822983493,0.999515409348748,52.9,6.29761904761905,282.05,32.4195402298851,0.0056125941136208,199.6,0.0703,1.50328776538629,1.12426323765911,0.576422327104662,0.266871839937141,0.597012214494736,    cropland/natural vegetation mosaic,0.165257484659476,1.55545141011294,2.41630937713895,3.44429559206023,0.149304800803094,0.0022293177664445,1.42543650438442,25.55,1.52083333333333,son,297.35,8.54454022988506,jja
06919500,0.8343050615646181,0.8205969488145831,6.08902821316614,1.31923781169002,0.460973122110158,0.80007421074983,0.481011879295826,17.7153641668672,39.9382093877872,22.5973748693321,0.0,0.0,19.722292130742,10,"Cedar Creek near Pleasant View, MO",37.8342,-93.87549,304.29,6.03069,1069.42,1069.85,Siliciclastic sedimentary rocks,0.560554501277656,Carbonate sedimentary rocks,0.439445498722343,0.439445498722343,0.096,-14.382,0.791486202644927,0.238616108666041,1.08611228324036,0.281590785518196,2.44159281229943,0.0005261846379123,3.2897978665998,49.85,4.35371179039301,196.0,28.2014388489209,0.0186173853524983,193.9,0.243,2.89462683796565,2.45681434371279,0.7344234445602,0.419504069935262,0.839469622763087,    cropland/natural vegetation mosaic,0.17999999999998,1.49999999999984,3.31698562628337,2.85208930869268,0.334526710398808,0.0494466083766876,0.859843734652658,23.0,1.18251928020566,mam,268.25,5.13888888888889,djf
01606500,0.6480504524504936,0.6149545955948346,0.950409996095275,0.943515069981119,0.445370004171872,1.36167458773623,0.388659076594702,36.4816877061335,42.4483707789323,16.6809577710109,0.0,0.0,2.87343839357392,2,"SO. BRANCH POTOMAC RIVER NR PETERSBURG, WV",38.99122,-79.17587,836.38,75.86214,1684.55,1686.61,Siliciclastic sedimentary rocks,0.653422514096553,Carbonate sedimentary rocks,0.218157715931334,0.218157715931334,0.1651,-14.1648,1.21023702242715,0.35981723587233,1.70438134279501,0.518890696452234,2.07378631355448,0.113284196107451,4.19732470192991,11.0,2.41758241758242,90.35,15.3135593220339,0.0,171.85,0.9336,4.7781702164762,4.19856691409865,0.868890746256199,0.489592692963541,0.939353305385887,    Deciduous Broadleaf Forest,0.18939353305384,1.96967665269279,3.36347707049966,2.49905597535934,0.0995538398003471,0.148750518921295,0.742997773725896,17.0,1.19298245614035,mam,214.95,3.39841897233202,son
04122200,0.667572096348747,0.5870748313463023,33.24,1.50000001490116,0.404217369904104,5.2424599879265,0.665865649574325,78.1462991740833,12.0985737074674,6.53756020272672,0.0,3.19088911552167,0.0,4,"WHITE RIVER NEAR WHITEHALL, MI",43.46418,-86.23257,244.61,6.17213,1048.28,1022.74,Siliciclastic sedimentary rocks,0.908354932486883,Carbonate sedimentary rocks,0.0916450675131171,0.0916450675131171,0.1287,-15.806,1.05424772904967,0.39950177752423,0.898937535123142,0.828458189464635,0.208667503967308,0.567136507009919,2.02348704352922,0.0,0.0,0.0,0.0,0.0,175.5,0.7431,3.69559025549975,3.20782518056797,0.793074576360232,0.475676368368808,0.501507490550934,    cropland/natural vegetation mosaic,0.18899767398624,1.7757444448215,2.63890622861054,2.22766402464066,0.176031411122328,0.175430988197981,0.844161873009632,19.25,1.33680555555556,jja,238.4,4.08919382504288,jja
01552000,0.5965843118382463,0.6126966482841796,3.89556428972487,1.45498701460431,0.45126146279684,1.33282134068244,0.628217324546618,33.4436347776731,50.0495184257044,15.4181241654977,0.0,0.0,1.17133395519173,2,"Loyalsock Creek at Loyalsockville, PA",41.32508,-76.91246,461.43,37.27533,1129.49,1129.55,Siliciclastic sedimentary rocks,1.0,,0.0,0.0,0.2093,-14.4365,1.71924967115064,0.494463815495184,1.6708611448027,0.51054949836829,1.21432539065678,0.110470524593391,5.45854356814401,6.35,1.71621621621622,67.15,13.2970297029703,0.0,150.15,0.9911,4.96915477942079,4.3762242388389,0.885104673046246,0.486873809555214,0.945647482034736,    Deciduous Broadleaf Forest,0.189456474820332,1.97282374101724,3.47699794661191,2.31166417522245,0.153983558785624,0.17305912288721,0.664844849124805,18.55,1.17034700315457,son,224.9,3.40757575757576,son
03069500,0.7372618643980083,0.7430742103572313,1.07180756986204,0.979106582033581,0.454406492583119,1.10558296442675,0.40702362735253,27.9227546050133,47.4342533526252,17.6530846074369,0.0,0.0,6.98066486314303,5,"CHEAT RIVER NEAR PARSONS, WV",39.12288,-79.68117,961.46,63.79304,1856.85,1853.2,Siliciclastic sedimentary rocks,0.859052474111147,Carbonate sedimentary rocks,0.138111208510196,0.138111208510196,0.168,-14.8012,2.44818565337301,0.601000307419244,1.79723602182952,0.474430152851135,1.57728921591444,0.134394649888778,8.24550704905856,6.45,1.53571428571429,80.2,10.5526315789474,0.0,165.75,0.9408,4.72559086443894,4.12217042958076,0.875594118763101,0.491650008280562,0.963433053213144,    Deciduous Broadleaf Forest,0.191284735022075,2.00293601290595,4.07351813826146,2.44632761122519,0.0685163705935231,0.194644630432116,0.600544180286688,13.15,1.16371681415929,jja,190.2,2.83457526080477,son
07142300,0.2615750429751267,0.21246982993855634,49.5319001386963,1.50000001490116,0.423554327070169,1.42060071237054,0.647241958102202,53.1387655562332,30.588484893292,16.1854752431871,0.0,0.0,0.0,11,"RATTLESNAKE C NR MACKSVILLE, KS",37.87159,-98.87614,677.58,4.76724,1819.94,1923.39,Unconsolidated sediments,1.0,,0.0,0.0,0.2413,-11.8217,0.0193382564704236,0.0107033697231868,1.95908488143689,0.612135072932356,2.78057696896846,0.0,0.0483953974525296,7.55,3.28260869565217,122.95,39.031746031746,0.132785763175907,204.1,0.0003,1.16382103006498,0.848938456870195,0.48782477912583,0.24715153615008,0.521780795485334,    Grasslands,0.148693152270853,1.49999999999977,1.8067446954141,2.83269767282683,0.64300366741464,0.0867916780002227,1.56784612680298,25.1,1.28388746803069,jja,304.1,8.03434610303831,djf
03281500,0.8519059153683955,0.8447183797569019,1.09410472354449,1.01292355694894,0.46034508567231,0.887002971795703,0.477285124683607,24.9496483023357,50.4244181673515,24.9362533469653,0.0,0.0,0.0,5,"SOUTH FORK KENTUCKY RIVER AT BOONEVILLE, KY",37.47981,-83.67519,376.49,21.8686,1838.22,1836.71,Siliciclastic sedimentary rocks,0.990075437682718,Unconsolidated sediments,0.0099245623172814,0.0,0.1378,-16.1537,1.42085615149716,0.373787381934962,1.70494880455343,0.409674322211301,1.94981965543227,0.0173023262134752,5.20400734574524,18.85,2.31288343558282,126.45,14.7894736842105,0.0015058179329226,158.75,0.9654,5.20447362051414,4.70080755334398,0.892178529614233,0.544715297281904,0.978481972290492,    Deciduous Broadleaf Forest,0.189784819722882,1.98924098614506,3.80124161533196,2.6716241889117,0.0417899627585112,0.044067880842997,0.702829354002637,19.5,1.1854103343465,mam,236.5,3.86753883892069,son
08171300,0.7072287482194962,0.8262352011499189,1.24949152542373,0.981444427155261,0.458117936749422,0.842931145103656,0.426324953190426,24.5771138552349,26.9846719346215,25.7850296167162,0.0,0.0,4.66938936654953,12,"Blanco Rv nr Kyle, TX",29.97938,-97.91,379.23,13.97922,1067.47,1073.92,Carbonate sedimentary rocks,0.836617953957555,Unconsolidated sediments,0.142618823588868,0.836617953957555,0.0841,-12.0681,0.426180352666029,0.166451867060032,1.24896734521983,0.476775763160763,2.71617052257335,0.0,1.47325804067446,33.85,9.95588235294118,163.7,49.6060606060606,0.170704996577687,176.75,0.0569,1.39837890845399,0.82213943355486,0.517311218607447,0.168631658794313,0.484060660687881,    Grasslands,0.142028686130333,1.70056574691195,2.5603819301848,4.67503757700205,0.118060634725149,0.0043200262623378,1.82591414268598,24.9,1.43103448275862,son,293.15,7.69422572178478,jja
04027000,0.7220897374663325,0.82194831977908,24.2242424242424,1.50000001490116,0.425529500324787,1.53489496011998,0.625443214145906,50.6598490068484,28.3983753479185,20.360848879699,0.0,0.0,22.187226491263,4,"BAD RIVER NEAR ODANAH, WI",46.48661,-90.6963,425.75,9.36771,1619.85,1547.15,Siliciclastic sedimentary rocks,0.349075276574417,Basic volcanic rocks,0.22010073581504,0.0,0.0963,-13.9437,0.849859362044133,0.350685622277024,0.98898592645421,0.508959238622805,1.53204326153071,0.154057910081784,3.02074333493694,14.05,4.01428571428571,25.2,11.2,0.0,195.7,0.9959,5.17113174788777,4.65947514146799,0.897480743867357,0.546740232094844,0.494047413098639,    Mixed Forests,0.217832860844717,2.10711976818031,2.42342231348392,2.05268680355921,0.459768532097639,0.235000084730923,0.847019849630856,18.95,1.19936708860759,jja,240.2,3.80364212193191,mam
06350000,0.09717429317273751,0.16440739815848682,1.41056283731689,1.49286745751926,0.451919736415313,0.863426100910799,0.397100676208096,16.9290024785574,23.6564565101113,17.8066504360184,0.0,0.0,41.6093154565588,10,"CANNONBALL RIVER AT REGENT, ND",46.42667,-102.55183,833.77,7.61453,1501.05,1506.19,Unconsolidated sediments,0.986190484834622,Siliciclastic sedimentary rocks,0.0137780579893581,0.0,0.2194,-13.0304,0.0448031600672251,0.0415629035863965,0.341745322267808,0.252460651808735,1.86188841344283,0.0015321148614742,0.101054384480214,27.85,10.7115384615385,223.95,46.65625,0.001368925393566,201.8,0.0,1.37298757378111,1.19010954494035,0.503756353678352,0.370441094362271,0.589866320584699,    Croplands,0.15539197923507,1.49999999999985,1.07796030116359,2.17467871321013,0.771483147435968,0.164913327830338,2.01740148580862,24.05,1.54166666666667,jja,302.35,8.28356164383562,djf
06470800,0.1515279632136488,0.20095571818808222,49.8586326767092,1.50000001490116,0.436004881496946,1.67494603235672,0.643548418611181,43.7397862265911,37.5761839395278,18.2928396800534,0.0,0.0,0.267327400729136,10,"BEAR CREEK NR OAKES, ND",46.22524,-98.07177,423.26,3.54676,1071.14,995.65,Unconsolidated sediments,0.999914640153554,Siliciclastic sedimentary rocks,8.53598464455635e-05,0.0,0.1641,-13.6636,0.0552631421487422,0.0354797001823268,0.685094064521696,0.365344763041521,4.6139833412337,0.0,0.242113083096675,88.5,26.4179104477612,232.65,69.4477611940299,0.0655715263518138,222.65,0.0061,2.20687526085596,2.0096650531317,0.700221525102677,0.558942578630896,0.999999999999873,    Croplands,0.179999999999977,1.49999999999981,1.55759890485969,2.10519089664613,0.824561369384648,0.14718946482151,1.35156161838453,24.95,1.39385474860335,jja,296.7,7.35315985130112,djf
05120500,0.3908446279054747,0.2781591884994843,42.1545845746442,1.50000001490117,0.432560788162248,1.56237743137358,0.637739483616897,44.9670951137737,33.0809591820175,19.7012979746895,0.0,0.0,2.25470220211064,9,"WINTERING RIVER NR KARLSRUHE, ND",48.13834,-100.53986,515.77,5.85036,1509.83,1509.83,Unconsolidated sediments,0.998402639784881,Water bodies,0.0015973602151192,0.0,0.1598,-13.7671,0.0404083064296815,0.0308026779103898,0.716965078563108,0.46585935096469,3.95314652933477,0.0,0.200609374922302,57.2,26.6046511627907,211.0,50.2380952380952,0.0551676933607118,218.6,0.0019,1.82325472381611,1.61173030659595,0.622140438909572,0.469873901675634,0.999999999999897,    Croplands,0.179999999999981,1.49999999999985,1.31184394250513,2.03884728268309,0.80189939400823,0.19176626992326,1.55418431767856,24.3,1.36901408450704,jja,304.15,8.15415549597855,djf
03300400,0.8393675133173951,0.8606102388495598,1.22826729745713,0.929417454699127,0.475480234323614,0.450375910869703,0.372513746910195,8.18385824512647,38.3447283126314,33.8875783937168,0.0,0.0,19.7555800767998,5,"BEECH FORK AT MAUD, KY",37.83284,-85.29607,254.43,9.33197,1128.58,1128.54,Mixed sedimentary rocks,0.796357744597813,Carbonate sedimentary rocks,0.195243528063585,0.195243528063585,0.1084,-15.5792,1.36646493358281,0.395171115918893,1.39896496588315,0.288199324641438,2.09736632202192,0.001196645077126,6.52084853622319,33.05,2.24829931972789,161.2,17.2406417112299,0.0031485284052019,157.4,0.4901,3.20815408844817,2.66423595871674,0.765662216339916,0.411730711433684,0.857701636996266,    cropland/natural vegetation mosaic,0.180083324756616,1.50416623783171,3.45790691307324,2.70082891170431,0.0118701193031353,0.0537664078517784,0.781058883191258,21.45,1.20845070422535,mam,248.5,4.14166666666667,son
08324000,0.5013970101755576,0.5848213487600968,1.22278056951424,1.33902240151464,0.431404890542233,1.58320009137234,0.530150074491136,43.3205358576195,30.9373316318819,17.7514743675337,0.0,0.0,8.03563855865209,13,"JEMEZ RIVER NEAR JEMEZ, NM",35.66169,-106.74337,2459.47,74.75895,1207.95,1222.2,Acid volcanic rocks,0.392756875928801,Carbonate sedimentary rocks,0.123077032280925,0.123077032280925,0.1076,-12.8974,0.141262949640264,0.0922334932747951,0.69516427422325,0.640324966849204,0.883593211453178,0.0283555260049532,0.591415256674738,19.9,9.70731707317073,15.0,3.79746835443038,0.0,200.25,0.5803,1.64669581725361,0.865648383043467,0.584625735957355,0.160920298700752,0.522832423718087,    Evergreen Needleleaf Forest,0.160164625247913,1.76038854418825,1.53157973990418,3.06312918548939,0.238578720782526,0.365429081915842,1.99998022021435,27.7,1.58285714285714,jja,286.65,7.92946058091286,mam
05584500,0.7957757758409006,0.7166261415207351,46.1626323751891,1.50000001490117,0.47467921696033,0.622513869091523,0.704146911159709,13.9530058606103,57.5403645542258,27.853471589825,0.0,0.0,0.622374446578046,7,"LA MOINE RIVER AT COLMAR, IL",40.33032,-90.89624,197.83,3.91674,1695.67,1711.89,Carbonate sedimentary rocks,0.538811438135377,Siliciclastic sedimentary rocks,0.241071170017175,0.538811438135377,0.1045,-13.6542,0.737104980002048,0.266061856940936,1.38800127799891,0.374412871772547,2.71698621999517,0.0116869803198413,3.10209971452577,29.3,3.6625,147.85,22.922480620155,0.0,199.3,0.1497,2.43876788453189,2.24516435574703,0.751303362575985,0.575930425629986,0.786484400637138,    Croplands,0.179999999999984,1.49999999999987,2.77042710472279,2.50508792607803,0.386434451108192,0.0864765586667042,0.904224450377187,23.25,1.2533692722372,jja,265.3,4.94962686567164,djf
06876700,0.6465387933934101,0.6928984363269353,13.8115671641791,1.44658841665722,0.473513182513824,0.602025248399044,0.689631437967379,14.2851796402583,55.345249000567,30.2753037756983,0.0,0.0,0.0,10,"SALT C NR ADA, KS",39.13907,-97.83696,448.53,8.37527,1056.44,1054.05,Unconsolidated sediments,0.315040300353331,Carbonate sedimentary rocks,0.287128156506156,0.287128156506156,0.1256,-14.044,0.15993896747442,0.0777997700941664,0.636229157440488,0.347243157631919,3.67132596275051,0.0018990117255594,0.574335253583831,33.3,7.01052631578947,187.6,27.7925925925926,0.0,227.55,0.0,1.14847495528074,0.838265114689036,0.497010172279643,0.249108174617597,0.588381852300092,    Grasslands,0.144697088861973,1.49999999999982,2.05577686516085,2.67957004791239,0.713301976007724,0.0796113854216262,1.30343428478204,25.7,1.31794871794872,jja,294.15,7.03708133971292,djf
03604000,0.680896751979393,0.6966456410534063,1.10992907801418,1.50000001490116,0.471847063449828,0.658551462513373,0.702848331409508,15.9981345712005,55.8626481441208,28.2042850245036,0.0,0.0,0.0,6,"BUFFALO RIVER NEAR FLAT WOODS, TN",35.49591,-87.8328,269.53,10.29605,1163.03,1163.35,Siliciclastic sedimentary rocks,0.752180992433543,Carbonate sedimentary rocks,0.219200660617508,0.219200660617508,0.1097,-15.3696,1.69109700946724,0.388741417962628,1.15090772583451,0.567560715764834,1.44905562230766,0.387066456050987,4.39657007144871,6.6,1.78378378378378,6.9,7.26315789473684,0.0,160.15,0.8342,3.98100759231407,3.37221909081378,0.809738429401209,0.424238291811288,0.541456499220633,    Deciduous Broadleaf Forest,0.186930573885063,1.79021979251855,4.35018480492813,2.96437063655031,-0.134235660399537,0.0255990760932844,0.681435564114909,21.9,1.25501432664756,mam,249.0,4.62395543175488,son
03237500,0.6976933662589856,0.7049639266972485,4.26030085022891,1.30196742282879,0.470709502595626,0.599793127699567,0.586385256244666,14.542242071876,48.245654852871,30.8067787362505,0.0,0.0,6.34881747166043,5,Ohio Brush Creek near West Union OH,38.80368,-83.42102,272.36,14.22302,1003.21,1001.42,Mixed sedimentary rocks,0.646418702443683,Carbonate sedimentary rocks,0.215456675248387,0.215456675248387,0.1088,-15.4558,1.18969521570135,0.368722525275899,1.35417133534516,0.301729363455289,1.61059844715884,0.0060968679178556,5.07259410765593,35.8,2.18292682926829,164.4,15.293023255814,0.0,159.4,0.5206,2.99664665053856,2.56978549410498,0.761121099713908,0.444266573370104,0.900924034764735,    cropland/natural vegetation mosaic,0.180990759652328,1.54953798261737,3.2265325119781,2.55285919233402,0.0606166620277512,0.0787104016916548,0.791208265485269,20.8,1.13972602739726,mam,239.5,3.73634945397816,son
04122500,0.6808117167638521,0.5822845294761163,32.0594059405941,1.50000001490116,0.410220088093454,6.29316005452344,0.681099499841079,80.1059127405951,9.40992546222146,5.19335655930482,0.0,5.28912053469446,0.0,4,"PERE MARQUETTE RIVER AT SCOTTVILLE, MI",43.94501,-86.27869,270.61,7.82371,1769.19,1800.63,Siliciclastic sedimentary rocks,0.893355049028289,Carbonate sedimentary rocks,0.0896177522168549,0.0896177522168549,0.1479,-15.4606,1.08494167458923,0.415061023634434,0.849740863933455,0.83946159219134,0.139151229091921,0.597403690772094,2.03283200332171,0.0,0.0,0.0,0.0,0.0,177.8,0.7555,4.44761896096101,3.87003885952965,0.842021637443536,0.482854035992955,0.479109482837954,    Deciduous Broadleaf Forest,0.205015568598124,1.99958368988722,2.61393292265572,2.21167838466804,0.201226998104088,0.184317913063151,0.846111377036028,19.6,1.32881355932203,jja,232.75,3.92495784148398,jja
09484600,0.36892672007995175,-0.3671860387539976,6.91719378953422,1.13535227551293,0.441451571940514,1.14314121081846,0.465294619773977,34.6401108843064,26.3883110079554,23.329179950937,0.0,0.0,11.8190548879268,15,"PANTANO WASH NEAR VAIL, AZ.",32.03591,-110.67758,1347.5,44.72847,1179.59,1240.13,Siliciclastic sedimentary rocks,0.705469102870204,Acid plutonic rocks,0.0964584204723188,0.057423150805567,0.2172,-12.6202,0.0118951901476371,0.0094151872842833,0.34344371747863,0.222636357477416,1.61058842366247,0.0003318543623528,0.0331854362352858,29.25,3.75,239.9,26.3626373626374,0.0005475701574264,246.85,0.0621,0.649335259167385,0.410887939186568,0.306563001007221,0.140119512843138,0.67174068589611,    Open Shrublands,0.175010504291693,2.5811413445337,1.2634045174538,3.70382902017291,0.426710730808294,0.0101482581857307,2.93162559497367,28.8,1.6695652173913,jja,305.6,11.2352941176471,mam
01144000,0.7325345821278879,0.7101931866991725,2.10679945054945,1.34878670352828,0.436028932200058,1.87662441419059,0.566679605826184,44.9595193026269,41.2575310065033,13.0823952320539,0.0,0.0,0.532835430016436,1,"WHITE RIVER AT WEST HARTFORD, VT",43.71424,-72.41815,459.8,60.29261,1790.24,1780.65,Metamorphics,0.663469277959176,Carbonate sedimentary rocks,0.323706719607693,0.323706719607693,0.0273,-13.3802,1.85875508846547,0.543359055776503,1.51948227493782,0.562748926856317,1.7290262095036,0.237791661970178,5.98305687416918,5.8,1.8125,42.0,10.1204819277108,0.0,181.5,0.9813,5.16403445079923,4.4950812735625,0.89722156778609,0.492946826571639,0.731155976555125,    Deciduous Broadleaf Forest,0.196029823450306,1.97766994993881,3.42085968514716,2.15774034223135,0.191150163759349,0.248466348504845,0.630759674709817,19.05,1.13392857142857,jja,225.15,3.3159057437408,mam
04185000,0.8418976602978332,0.813806147785577,43.7074910820452,1.50000001490116,0.45038929075228,0.867705466597601,0.679545772087166,30.0473220828433,39.7876567960022,28.2739416097819,0.0,0.0,1.89101445795208,4,Tiffin River at Stryker OH,41.5045,-84.42967,250.64,3.32824,1064.0,1064.22,Siliciclastic sedimentary rocks,0.54339835231288,Mixed sedimentary rocks,0.45660164768712,0.0,0.1254,-16.4001,0.909732750638243,0.351521655299214,1.56249774899857,0.429136273679434,1.58362499421371,0.0413894359209383,3.74344453773819,24.6,5.17894736842105,114.4,18.4516129032258,0.0,163.5,0.2041,1.84592525401715,1.60293849593544,0.680043417136934,0.486613921843887,0.732979105629534,    Croplands,0.179999999999988,1.4999999999999,2.58798494182067,2.37622570841889,0.225802839513107,0.125203448992686,0.918176017959052,22.45,1.23013698630137,jja,252.0,4.23529411764706,son
07315700,0.6624656795600589,0.6460341895484392,11.2912941176471,1.38021360643416,0.44378576233915,1.09543242006442,0.611092385555692,35.7375997975072,35.9600359721894,28.2887728334887,0.0,0.0,0.0,11,"Mud Creek near Courtney, OK",34.00426,-97.56697,286.95,6.30245,1488.69,1491.41,Siliciclastic sedimentary rocks,0.787573081813656,Unconsolidated sediments,0.212052895920422,0.0,0.2194,-13.9493,0.358230359585844,0.143165773826175,0.443474562119504,0.158217008538268,2.74591685978638,0.0,1.60334193299975,64.4,6.13333333333333,255.6,26.625,0.0795345653661875,205.5,0.0437,1.58936290160419,1.21458560315889,0.565856290669431,0.283918086188033,0.999999999999906,    Grasslands,0.119999999999989,1.49999999999986,2.50220670773443,3.06947411362081,0.244999789210954,0.0208161228801737,1.22670685204901,25.55,1.32727272727273,mam,295.0,7.53512132822478,djf
01664000,0.6774869331265823,0.6628550068431045,1.04997934737712,1.30429777832438,0.445798410326273,1.20194558032513,0.572554862649007,36.1754662003161,42.739264347264,21.1687234304842,0.0,0.0,0.0,2,"RAPPAHANNOCK RIVER AT REMINGTON, VA",38.53068,-77.8136,216.1,30.32647,1605.1,1604.64,Metamorphics,0.526435602877036,Acid plutonic rocks,0.205444346041605,0.0005262202397876,0.036,-13.969,1.11583272913522,0.354341945140566,1.74536114975795,0.565654912609262,1.62412645964061,0.0597506456828321,3.28933401488648,5.9,1.57333333333333,70.65,13.3301886792453,0.0,170.0,0.7519,4.43835402647343,3.83843969675652,0.854354475631049,0.473973206074874,0.542241246484979,    cropland/natural vegetation mosaic,0.184577587535132,1.72887937675731,3.14902806297057,2.57200380561259,0.174188172204434,0.0827964257846037,0.816761157468489,22.25,1.2027027027027,son,255.55,4.45209059233449,son
09494000,0.6071549545885855,0.5639554902423103,1.13809523809524,1.34841758428171,0.439357207306491,1.13824755709917,0.513110965260514,35.8692694429816,29.7934596839513,24.3207199505499,0.0,0.0,9.98961405036959,15,"WHITE RIVER NEAR FORT APACHE, AZ.",33.73644,-110.16677,2153.94,50.88758,1628.23,1628.4,Siliciclastic sedimentary rocks,0.41321108111038,Basic volcanic rocks,0.330815028793647,0.0,0.1492,-13.1224,0.248716259605058,0.145503783317459,0.98859525195662,0.631232210919969,2.30359777754073,0.0255441702181692,1.00493770834774,27.7,9.08196721311475,70.75,11.4112903225806,0.0,197.5,0.8391,1.74472716044426,0.889040896516206,0.604638908142893,0.169272152754362,0.574200831321119,    Evergreen Needleleaf Forest,0.17947063288372,2.01588848996011,1.70934565366188,3.10237267624914,0.0934968282109784,0.235554110470522,1.81494753246836,23.25,1.65480427046263,jja,281.9,9.1973898858075,mam
02108000,0.7242758317425114,0.6885361023292677,29.437527593819,1.50000001490115,0.409908982925787,2.97238423822289,0.599144559153631,62.1613410504535,18.7036986740296,15.2189938778709,0.0,0.411204926884832,3.48781280630453,3,"NORTHEAST CAPE FEAR RIVER NEAR CHINQUAPIN, NC",34.82889,-77.83222,31.61,3.14028,1569.48,1550.74,Unconsolidated sediments,0.931107645694035,Carbonate sedimentary rocks,0.0688923543059651,0.0688923543059651,0.209,-12.9173,1.12554230043144,0.295389376895624,1.77108552796026,0.500014585289365,1.95289241009009,0.0452064956679379,3.66016730442476,8.65,5.76666666666667,92.7,16.1217391304348,0.0,175.45,0.4232,2.63702849759526,1.98228425819537,0.718475186580843,0.315517396733031,0.644190679613565,    cropland/natural vegetation mosaic,0.178309709481884,1.56601938784585,3.81036824093087,3.20783753593429,0.275438917371904,0.0092819261110396,0.841870741382891,21.2,1.2887537993921,jja,261.05,4.77239488117002,son
02016000,0.783502742897546,0.753501533422611,1.01385809312639,0.884824261732569,0.437259278365103,1.64019378630426,0.379562056400789,43.3410444685166,39.8783493312,16.7471310529829,0.0,0.0,0.0,2,"COWPASTURE RIVER NEAR CLIFTON FORGE, VA",37.7918,-79.75949,645.04,66.42056,1194.55,1194.92,Siliciclastic sedimentary rocks,0.74776708258271,Mixed sedimentary rocks,0.251907256519417,0.0003093706079916,0.1715,-15.2353,1.15571291620652,0.367497959675417,1.50172248861865,0.49776856329352,1.79524111453413,0.161801069941279,3.84635961202179,12.3,1.95238095238095,74.85,15.2755102040816,0.0,170.3,0.9317,5.08865611310359,4.38544116609582,0.883890083471318,0.459359315461342,0.970437566611511,    Deciduous Broadleaf Forest,0.190864348489429,2.00013271960562,3.14481451060917,2.57381968514716,0.100530522771781,0.102077363429123,0.818432908034564,21.55,1.21067415730337,mam,243.8,4.07692307692308,son
07057500,0.6902150058919729,0.7075261439273051,2.4036312849162,1.37681043745094,0.466882661143019,0.671972225420409,0.647374669327386,18.8464372470434,46.1120895023811,30.6902647734603,0.0,0.0,0.0,11,"North Fork River near Tecumseh, MO",36.62303,-92.24813,324.68,11.24276,1456.44,1456.46,Carbonate sedimentary rocks,0.998044239181792,Siliciclastic sedimentary rocks,0.0019557608182084,0.998044239181792,0.0604,-11.8017,1.25811720103166,0.385775030276138,1.18549195984699,0.699977298700166,1.79648821015169,0.466993492119529,3.13792749381035,2.55,1.5,0.0,0.0,0.0,182.85,0.584,4.09228094379476,3.51462364469783,0.808381133293666,0.432314136422029,0.472710975480794,    cropland/natural vegetation mosaic,0.17881836794751,1.71754078156178,3.26127173169062,2.77348156057495,0.0252425344420412,0.0564394367095807,0.850429460883099,25.55,1.2775,mam,273.8,5.42178217821782,djf
02363000,0.671824700009779,0.7908899787988426,3.62846068660022,1.50000001490116,0.41541645386093,2.62415250186404,0.597949804828862,58.0460992903874,21.6130310794451,16.7061839545114,0.0,0.33628498940577,3.24893980508011,3,PEA RIVER NEAR ARITON AL,31.59489,-85.783,135.39,7.57689,1292.51,1292.62,Unconsolidated sediments,0.998605882041568,Siliciclastic sedimentary rocks,0.0013937437043539,0.0,0.2022,-13.169,1.08446180460346,0.273826540063956,1.97819053891129,0.494044552529935,1.73357041946639,0.0378577426178335,3.51698428919672,11.7,3.9,111.55,17.991935483871,0.0,163.0,0.635,3.79146086258454,2.76864162044451,0.774037908637042,0.283771536788565,0.87129164936872,    Woody Savannas,0.171583751556802,1.79009584544177,3.96039698836413,4.17131125256673,-0.0564163038164559,0.0026556564479946,1.05325583895308,22.85,1.1994750656168,mam,269.8,5.11469194312796,son
05525500,0.7590919501605004,0.7708407048664808,49.2961111111111,1.50000001490117,0.466267916310135,0.63030928375848,0.634479918401463,17.3176318569794,44.6293349983155,28.5465694237906,0.0,0.0,9.31146073725102,7,"SUGAR CREEK AT MILFORD, IL",40.63004,-87.72392,217.33,2.73734,1158.76,1158.24,Carbonate sedimentary rocks,0.482991084749905,Siliciclastic sedimentary rocks,0.266622441269853,0.482991084749905,0.1047,-13.975,0.976713559007693,0.343117047646196,1.46079354729258,0.382011075810682,1.93888010641247,0.0211137383543512,4.05383776403543,23.45,3.44852941176471,128.35,22.3217391304348,0.0,181.4,0.0268,2.46329095973191,2.34235200134787,0.755668632640496,0.636491624292006,0.99999999999991,    Croplands,0.179999999999984,1.49999999999987,2.84659000684463,2.46637173169062,0.320439505090912,0.0775662992910571,0.866430264196892,21.8,1.19452054794521,jja,255.4,4.36208368915457,son
02372250,0.7139409027550933,0.7312572366179647,6.17239225484072,1.50000001490116,0.415416334593691,2.54780813067849,0.586147436332373,56.655488319526,23.1052979108792,15.3358264062371,0.0,0.0,4.87472335768018,3,PATSALIGA CREEK NEAR BRANTLEY AL,31.59627,-86.40552,122.94,7.29973,1145.22,1145.56,Unconsolidated sediments,0.984187427355848,Carbonate sedimentary rocks,0.0158125726441524,0.0158125726441524,0.2051,-12.9898,1.22251247702109,0.306923563577518,1.66806519334409,0.507875006784179,1.57345359036186,0.0704991119637366,4.14449324877724,9.2,3.53846153846154,91.85,14.9349593495935,0.0,159.7,0.7608,4.24444667347131,3.020283295074,0.799280964929441,0.257429146272682,0.884332139848143,    Woody Savannas,0.170410107413662,1.78096750210625,3.98311704312115,3.14445998631075,-0.0568992099341427,0.0034759991435446,0.789447046689535,22.65,1.21774193548387,djf,263.65,4.99337121212121,son
06188000,0.8089594064610767,0.8209001885944169,0.859673497742272,1.48256366640042,0.42687352689566,1.97891169354471,0.619139531039653,50.1549872873831,30.6461841115004,18.6659220439339,0.0,0.0,14.9186242140776,10,"LAMAR RIVER NR TOWER FALLS RANGER STATION, YNP",44.92772,-110.39381,2569.59,104.83955,1730.28,1730.62,Intermediate volcanic rocks,0.551447747638714,Unconsolidated sediments,0.191990404746454,0.0947513107460154,0.1079,-12.674,1.35024745041648,0.599378816945022,0.675918822078443,0.522506682854837,1.31303843920182,0.127257899934919,6.65700214326221,58.25,25.3260869565217,177.05,35.0594059405941,0.0,244.3,0.782,1.3149742171691,1.02679094713805,0.495269283327226,0.275693952888312,0.866988586442248,    Grasslands,0.126650570677869,1.53990342406713,2.2527446954141,2.53167455167693,-0.229372987097908,0.621106810157812,1.12381778407054,10.05,1.28846153846154,son,209.0,4.28717948717949,jja
01548500,0.7124268605502857,0.7163952123246624,1.02956662616444,1.33911099166599,0.455161394937659,1.22172520254708,0.571262014211426,29.4829323471052,50.4513237517423,14.6721930313455,0.0,0.0,5.47929869957453,2,"Pine Creek at Cedar Run, PA",41.52174,-77.44748,546.71,39.14167,1557.05,1557.98,Siliciclastic sedimentary rocks,1.0,,0.0,0.0,0.2004,-14.8083,1.43544359605518,0.455212892499828,1.72819889426657,0.494162982650303,1.10720797436017,0.0848496062808742,5.01241192659239,8.9,2.50704225352113,88.7,16.4259259259259,0.0,162.2,0.9866,4.78009863302879,4.23528190042025,0.876758810038773,0.508506796279639,0.86238249316826,    Deciduous Broadleaf Forest,0.188623824931664,1.93119124658398,3.15334565366188,2.27178221765914,0.179163892505052,0.202088630482319,0.720435520609989,18.1,1.12074303405573,jja,221.0,3.17757009345794,son
08194200,-0.023491903488013666,-0.32924177864422344,7.77239709443099,1.50000001490116,0.441936287906864,0.790437583632644,0.679159943745736,31.6821000321593,20.6359707836666,46.7212275557348,0.0,0.0,0.850695644783891,12,"San Casimiro Ck nr Freer, TX",27.96501,-98.96697,161.27,5.02405,1220.58,1233.44,Unconsolidated sediments,0.986886616497362,Siliciclastic sedimentary rocks,0.0105866891086962,0.0,0.2195,-13.0266,0.0722988385329525,0.0517449406057631,0.0008401312139356,0.0427754759916959,1.52342928255238,0.0,0.119865324373508,132.95,19.4087591240876,323.0,49.6923076923077,0.636002737850787,287.75,0.0008,1.0783347797166,0.661138004153719,0.446835555206807,0.175884842777964,0.912347106685082,    Grasslands,0.125259173598886,1.49999999999992,1.39721560574949,3.61926525667351,0.435173445212812,0.0005535601264272,2.59034127716609,23.65,1.5015873015873,jja,322.5,13.9008620689655,djf
01667500,0.7050305864790762,0.7016508271552668,1.06703296703297,1.30094356609608,0.451875619542419,1.03923725680094,0.563297926546245,30.7700365064613,44.5450379289049,21.8030801411582,0.0,0.0,2.63508639972029,2,"RAPIDAN RIVER NEAR CULPEPER, VA",38.35041,-77.975,193.47,23.44026,1209.75,1210.75,Metamorphics,0.342850107287653,Siliciclastic sedimentary rocks,0.308524043821612,0.0018122148538136,0.0758,-14.1348,1.15865425131296,0.361178515853087,1.57091124918925,0.56394201768127,1.98514539903802,0.11729810427099,3.39355549942622,5.75,1.47435897435897,59.45,11.656862745098,0.0,168.0,0.8033,4.11269399385096,3.4665615831167,0.83288555369401,0.443615626785547,0.681016911566322,    cropland/natural vegetation mosaic,0.183189830884314,1.6594915442166,3.20798220396988,2.68815648186174,0.178906478344439,0.0788117934771709,0.837958664027232,21.9,1.23033707865169,son,255.3,4.46328671328671,son
02371500,0.8216085024304636,0.689697302545562,5.05568181818182,1.50000001490116,0.42060074562203,2.11054998317178,0.555049985901238,50.0424856006001,21.5632807007169,16.6324188273072,0.0,0.240425046223305,11.4652696146526,3,CONECUH RIVER AT BRANTLEY AL,31.5735,-86.25162,125.86,7.42604,1292.79,1257.42,Unconsolidated sediments,0.980385220860512,Carbonate sedimentary rocks,0.0119474826491956,0.0119474826491956,0.2036,-13.1163,1.15341936193324,0.290535046494426,1.83466102584691,0.523492856197538,1.4869064949467,0.0643442233840447,4.04990111887811,10.1,3.96078431372549,102.15,20.0294117647059,0.0,164.7,0.6862,4.16548637373976,2.97215669849731,0.792318914072704,0.259565777126578,0.789594918264393,    Woody Savannas,0.177476136373957,1.82850800172896,3.96998357289528,3.14758301163587,-0.0453165947929238,0.0040171402581935,0.792845349065351,22.4,1.18832891246684,djf,264.55,4.99150943396226,son
12040500,0.6461246976348307,0.6456265293584045,2.58152173913043,1.16652077874719,0.44113361508508,1.41902348339833,0.466883556696625,37.5346978723881,38.1553656136363,16.8592554424729,0.0,0.0,9.86753822058894,17,"QUEETS RIVER NEAR CLEARWATER, WA",47.53786,-124.31575,437.01,96.58146,1153.44,1155.71,Siliciclastic sedimentary rocks,0.711322133153096,Unconsolidated sediments,0.285345252461474,0.0,0.1982,-14.5632,9.68843810576967,1.18809309543026,1.40647421370307,0.515538191263736,1.0193492919819,1.06098027455569,31.816681564045,9.0,1.74757281553398,63.9,14.5227272727273,0.0,117.1,0.9969,3.75000349855693,2.28235348495114,0.825804039691266,0.169795889872185,0.972205997963558,    Evergreen Needleleaf Forest,,,8.15461190965092,1.89909648186174,-0.771170718407054,0.0670917839751389,0.232886187951406,12.1,1.36723163841808,djf,170.35,4.36235595390525,jja
08190500,0.47430675387357335,0.49874032242708455,1.73923639317628,0.800000011920922,0.44577274518888,0.785347277612178,0.11489578229097,9.35654488783905,8.74648042330357,13.4187520067049,0.0,0.0,68.4782226821517,12,"W Nueces Rv nr Brackettville, TX",29.47273,-100.23646,590.4,13.29277,1799.09,1800.66,Carbonate sedimentary rocks,0.977785638581083,Unconsolidated sediments,0.0213402070768806,0.977785638581083,0.0635,-11.8297,0.0500582776631006,0.0274013533232585,0.114493433669572,0.143706836302421,1.93403167946316,0.0,0.0951927297624999,63.5,32.5641025641026,303.05,163.810810810811,0.0803559206023272,159.7,0.1388,1.03522336261494,0.528285841934137,0.443986963786039,0.11730797215066,0.859505200404885,    Grasslands,0.126878888128056,1.61623569001696,1.82685420944559,4.20636131416838,0.414786097079929,0.0044907633248583,2.30251614629113,24.55,1.3988603988604,jja,315.25,10.5083333333333,djf
05057200,0.19694001314637388,0.2876787588063565,48.8357251908397,1.50000001490115,0.435048165374018,1.71366620690078,0.610203039539412,42.2770144806095,36.2352750295391,16.4999645125829,0.0,0.0,4.96563975892276,9,"BALDHILL CREEK NR DAZEY, ND",47.22916,-98.12482,447.5,2.33897,1897.33,1900.4,Unconsolidated sediments,0.998473905116043,Water bodies,0.0015260948839568,0.0,0.1707,-13.5073,0.0630878881278403,0.043455554821798,0.790821924955169,0.393806328952924,3.01154187266678,0.0006060571995424,0.241133396413711,43.4,17.0196078431373,200.35,45.0224719101124,0.0216290212183436,207.95,0.0165,2.06940655556139,1.87929381514654,0.674540246084416,0.544824415991078,0.99999999999988,    Croplands,0.179999999999978,1.49999999999982,1.45177960301164,2.03825073237509,0.916413868842179,0.141789208175196,1.40396705405342,24.85,1.44057971014493,jja,296.85,7.40274314214464,djf
01543500,0.7108974579698528,0.7306571411835352,1.02002145155524,1.45589777697631,0.448123662955262,1.35318826389979,0.635270958656151,35.5933999168277,47.2992408538476,17.1181328725411,0.0,0.0,0.0,2,"Sinnemahoning Creek at Sinnemahoning, PA",41.31728,-78.10306,547.44,31.28232,1778.26,1778.96,Siliciclastic sedimentary rocks,1.0,,0.0,0.0,0.2146,-14.3537,1.63054821091537,0.478316788526037,1.79669094630527,0.482957364176171,2.05031436983567,0.0619121498260637,5.67940787737757,8.45,2.13924050632911,89.8,15.7543859649123,0.0,163.75,0.9878,5.1234237427107,4.57016349068812,0.894548372499437,0.524107205458267,0.99501174355862,    Deciduous Broadleaf Forest,0.189950117435563,1.99750587177912,3.40892950034223,2.2839264476386,0.17043837870638,0.181653610941671,0.669983479391203,17.1,1.0926517571885,jja,210.65,3.02223816355811,son
08086212,0.2188846244156457,0.27329510894418085,1.33004926108374,1.48247664419388,0.456213900346663,0.569275874291615,0.692469636961543,21.5530205951857,29.8470665334011,47.3328303455025,0.0,0.0,1.3341262810229,12,"Hubbard Ck bl Albany, TX",32.7329,-99.14063,507.6,10.25442,1584.82,1590.1,Siliciclastic sedimentary rocks,0.515138271081337,Mixed sedimentary rocks,0.348853576751712,0.0049291390664459,0.1434,-15.8201,0.0896009038307052,0.0469552512122568,0.15193063248511,0.124925618255227,3.03845966685233,0.0,0.169504419998017,83.55,13.2619047619048,294.8,46.0625,0.270499657768652,219.15,0.0038,1.25847854143659,0.933278038963336,0.491796077665384,0.239248988232265,0.999999999999848,    Grasslands,0.119999999999982,1.49999999999977,1.90821902806297,3.26121609856263,0.3051908468616,0.0131862313964449,1.70903656792118,25.45,1.42577030812325,jja,305.25,9.11194029850746,djf
11532500,0.7800332030113607,0.7768299728101211,0.937226857369885,0.918783592812431,0.43913172631852,1.29638490086552,0.413826634601308,39.2859934904475,34.1279728888873,26.6093760952581,0.0,0.0,0.195106763219715,18,SMITH R NR CRESCENT CITY CA,41.7915,-124.07619,725.07,112.11076,1577.96,1590.16,Siliciclastic sedimentary rocks,0.427128498312215,Metamorphics,0.266985317119961,0.0,0.0715,-14.8472,5.39181736308636,0.965472332510272,2.06119044310451,0.527081345441868,1.38501698150213,0.358157970431299,19.8459827771456,16.8,2.64566929133858,133.9,45.3898305084746,0.0,132.1,0.9993,3.62813886217083,1.57551621841601,0.814102720066942,0.116730442918013,0.999999999999942,    Evergreen Needleleaf Forest,0.16999999999999,1.7999999999999,5.58464202600958,2.32076887063655,-1.01985500319712,0.0485353765496996,0.415562691364628,20.65,1.57034220532319,djf,239.9,6.79603399433428,jja
02231000,0.7130919443567101,0.3724185097126532,48.9348252846486,1.50000001490116,0.442658190399664,6.20428566037158,0.711252875743009,72.562578177968,9.1845919141168,7.05876221806019,0.195359754420114,10.9428317672324,0.0,3,"ST. MARYS RIVER NR MACCLENNY, FLA.",30.35885,-82.0815,38.71,2.187,1748.37,1857.37,Unconsolidated sediments,0.939110290022701,Siliciclastic sedimentary rocks,0.0607075466921302,0.0,0.2217,-13.0101,0.760262706619987,0.204402910951383,1.41671135201513,0.435578260283727,2.58476000202095,0.0321849708858093,2.86586175539727,31.15,8.77464788732394,146.65,26.1875,0.0,191.9,0.9529,4.25283157719909,2.0681812525432,0.79254602167532,0.0918973629873362,0.523057750456032,    Woody Savannas,0.180595722376445,2.30180853567097,3.71943189596167,3.40487262149213,0.414359340302195,0.0002359180653982,0.915428139762131,20.9,1.24776119402985,jja,252.65,5.15612244897959,mam
06892000,0.7685887808502393,0.6454711375114894,30.8354278874925,1.49388698196972,0.464544776737115,0.612546661701162,0.665117651729664,17.6271657808156,40.669202717187,35.7633557696892,0.0,0.0,6.06839091859389,10,"STRANGER C NR TONGANOXIE, KS",39.11633,-95.01088,304.55,9.14485,1092.72,1091.6,Unconsolidated sediments,0.644589259296337,Carbonate sedimentary rocks,0.252337963623747,0.252337963623747,0.1814,-12.7532,0.631079373130696,0.22741671952724,0.763326187187055,0.237709067521873,1.62998639828692,0.0042540573399797,2.77633215872365,39.45,3.40086206896552,198.05,18.337962962963,0.0,214.55,0.067,1.76212127216237,1.49563910042382,0.653167003681937,0.412264662448835,0.55510488143676,    Croplands,0.179805106605943,1.49999999999982,2.77499110198494,2.62007523613963,0.585259882115312,0.0715178249456991,0.944174283753739,24.9,1.29015544041451,jja,274.05,5.43211100099108,djf
06477500,0.3443302613652084,0.4478410643393299,44.8991262907069,1.50000001490116,0.449238369963314,0.952791618846312,0.681831052256069,31.2077608484178,37.8905069655194,30.6334558607797,0.184195791546405,0.0,0.23980998899198,10,FIRESTEEL CR NEAR MOUNT VERNON SD,43.7764,-98.24567,466.03,5.211,1512.44,1533.63,Unconsolidated sediments,0.998987910995228,Siliciclastic sedimentary rocks,0.0010120890047719,0.0,0.1503,-13.9939,0.0665673275538322,0.0396230218227996,0.200061298146337,0.26775455076187,3.5289869235609,1.61763477926318e-05,0.300880068942951,88.65,31.6607142857143,272.1,98.9454545454546,0.031211498973306,225.35,0.0,1.47061689217256,1.21681166531563,0.578604954933992,0.370566196730059,0.999999999999889,    Croplands,0.17999999999998,1.49999999999983,1.68001642710472,2.33532168377823,0.698989465592905,0.132381124658994,1.3900588387715,24.6,1.37430167597765,jja,295.6,7.26289926289926,djf
02472000,0.8116286691847475,0.7515606479607405,12.3199255121043,1.50000001490116,0.439656583117679,1.02322193302085,0.645530193149785,37.8146728327072,31.7559482299452,29.0543153151037,0.0,0.0,1.33983678566587,3,"LEAF RIVER NR COLLINS, MS",31.70694,-89.40694,123.24,6.76654,1927.13,1927.67,Unconsolidated sediments,0.903489166041712,Carbonate sedimentary rocks,0.0965108339582878,0.0965108339582878,0.2287,-12.0405,1.32619217549457,0.318918668155544,1.18552468653465,0.406862412379607,2.69142400089115,0.110450292643852,5.53521006812865,30.2,4.08108108108108,125.3,15.7610062893082,0.0,152.95,0.6696,4.80920360163545,3.29996244817296,0.829551427193048,0.214407129448968,0.670563065071829,    Mixed Forests,0.220350675856454,2.16939414555017,4.15840246406571,3.16766180698152,-0.163583171916359,0.0060147222598053,0.761749694589318,23.2,1.21148825065274,djf,259.85,4.86155285313377,son
11522500,0.7469989367833509,0.7681505208068984,0.636304062909568,0.706560816001511,0.427086974428656,2.13756346738745,0.285915299862895,50.7430347574605,34.2011729985381,14.5427749465719,0.0,0.0,0.638206486055343,18,SALMON R A SOMES BAR CA,41.37763,-123.47756,1279.3,152.80074,1943.12,1946.3,Siliciclastic sedimentary rocks,0.479067101672585,Intermediate plutonic rocks,0.271722029943193,0.0024380711749968,0.0803,-14.935,2.17666066390435,0.694192160672921,2.49730546453872,0.649928967806767,1.47607898705042,0.166452554202289,6.63543843151333,5.3,2.58536585365854,110.85,31.6714285714286,0.0,167.95,0.9907,3.61095793717015,2.05640330483778,0.8122561100882,0.185545620643096,0.990774303124197,    Evergreen Needleleaf Forest,0.169541377659541,1.79723229093707,3.13553045859001,3.25859069130732,-1.05325692398518,0.249129777057898,1.03924702194494,22.7,1.57093425605536,djf,260.85,7.72888888888889,jja
07290650,0.7919258350452464,0.7582937674514091,29.5693153000845,1.50000001490116,0.460692836185684,0.958871250756489,0.680625883448584,25.870710860218,53.7393374478625,20.4614983589324,0.0,0.0,0.0,8,"BAYOU PIERRE NR WILLOWS, MS",32.01778,-90.87694,105.8,7.48765,1688.73,1694.61,Unconsolidated sediments,1.0,,0.0,0.0,0.2756,-11.0545,1.21077833795609,0.291429661169347,0.928238964828907,0.307445601362936,1.95095285848579,0.0709895612276037,4.93739642170761,33.1,2.53639846743295,162.4,12.4444444444444,0.0,161.3,0.7965,4.50496417589876,3.30367485407145,0.815306049793279,0.280783459405914,0.500505466899586,    Woody Savannas,0.20465034718039,2.04761843451259,4.1546160164271,3.42285772758385,-0.16724761692358,0.0040610264363759,0.823868611214627,22.7,1.26815642458101,djf,262.35,5.1140350877193,son
05495000,0.7619603817700957,0.7448311098988958,35.6748617086663,1.50000001490116,0.460365899283002,0.759646787920797,0.693560439745663,23.3233632699866,45.659641291726,31.1214185773436,0.0,0.0,0.0,7,"Fox River at Wayland, MO",40.39241,-91.59788,236.65,5.82876,1027.55,1029.86,Siliciclastic sedimentary rocks,0.80010241029549,Carbonate sedimentary rocks,0.198942186259665,0.198942186259665,0.1081,-15.5626,0.742617576722464,0.272043598513495,0.835554830140976,0.242143394681879,2.72198443078937,0.0059524488967661,3.70956615246461,48.2,3.91869918699187,202.1,19.0660377358491,0.0,213.45,0.2856,2.04034320888399,1.76264186192161,0.70512027332582,0.468230404465751,0.602785033704367,    cropland/natural vegetation mosaic,0.179999999999981,1.49999999999984,2.72977412731006,2.4957765229295,0.488646008005251,0.0965623589589288,0.914279499523595,23.3,1.18575063613232,jja,265.95,4.94790697674419,djf
03182500,0.7572835220224694,0.7673010472496316,1.12125603864734,0.920461239121242,0.453842922585503,1.16919141226696,0.385822585378701,30.0353725331491,48.0109382584522,16.8959884739487,0.0,0.0,4.36664949697383,5,"GREENBRIER RIVER AT BUCKEYE, WV",38.18595,-80.13062,934.51,59.7077,1364.97,1364.86,Siliciclastic sedimentary rocks,0.866232227997447,Carbonate sedimentary rocks,0.0968108325597525,0.0968108325597525,0.1711,-14.9304,1.67221822837143,0.47073825513177,1.90987945568342,0.451749431596677,1.35859551878387,0.0684697728447988,6.00454814214853,12.6,1.8,110.85,14.5855263157895,0.0,161.8,0.9922,4.78690396980826,4.16475595984205,0.874162207075278,0.484089689897908,0.996738322519331,    Deciduous Broadleaf Forest,0.190195700648818,2.00130467099206,3.55233127994524,2.51935242984257,0.0375230123779968,0.170253081143655,0.709211002944919,17.7,1.16447368421053,mam,212.8,3.21936459909228,son
04024430,0.6277087759548312,0.6044435026585069,34.9542553191489,1.50000001490116,0.462371799101651,1.34770270361987,0.713585480308363,48.4311460332403,21.1102983529349,21.5489243898098,0.0,8.63724771976736,0.0,4,"NEMADJI RIVER NEAR SOUTH SUPERIOR, WI",46.63327,-92.09408,343.48,6.93316,1091.25,1094.55,Siliciclastic sedimentary rocks,0.640746401219068,Basic volcanic rocks,0.316238335445603,0.0,0.1771,-13.3583,0.803006309905712,0.359583937529154,1.29447273294324,0.46491293362942,1.30133511495198,0.103131706845585,3.15672702692572,21.25,3.7280701754386,83.3,17.9139784946237,0.0,204.2,0.9961,4.8120789076139,4.31575506221106,0.871377271539348,0.536352905800742,0.441343739134549,    cropland/natural vegetation mosaic,0.204755335012499,1.90711994645825,2.23315400410678,2.01156272416153,0.68295473815276,0.1608667587394,0.900772056231798,22.25,1.33233532934132,jja,261.25,5.10752688172043,djf
14301000,0.8450327797882022,0.9259031781502368,1.26945293917771,1.09768104553573,0.466203219718451,0.869890749310333,0.503947525349995,22.0105448341579,57.6958590854175,20.1935575793886,0.0,0.0,0.101723862277755,17,"NEHALEM RIVER NEAR FOSS, OR",45.704,-123.7554,375.21,62.14889,1743.54,1745.19,Siliciclastic sedimentary rocks,0.65045953840262,Basic volcanic rocks,0.303668649324322,0.0,0.1384,-14.6236,3.6182468863514,0.621775558824827,2.06375849979731,0.51654710148146,1.51320923712713,0.126290075994466,14.1725529727123,19.35,4.20652173913043,131.4,41.0625,0.0,119.35,0.963,4.4742332737377,2.53866691857648,0.871688745461061,0.143892428782989,0.759989834748208,    Evergreen Needleleaf Forest,0.189200813220102,1.94400609915068,5.81921697467488,2.83810260095825,-0.872838457545653,0.0324798903206775,0.487712112009161,12.05,1.68531468531469,djf,179.5,5.35820895522388,jja
11473900,0.8073400527651378,0.7602621961499524,1.9949494949495,0.783653925739968,0.435755723453195,1.59367624042756,0.292631580270129,36.521489039983,30.2605599078208,17.622868106683,0.0,0.0,14.3447269240474,18,MF EEL R NR DOS RIOS CA,39.70627,-123.32529,1037.85,126.70666,1925.01,1930.41,Siliciclastic sedimentary rocks,0.575037875012922,Metamorphics,0.391772321056102,0.0,0.1206,-14.6914,1.84294893577093,0.504426394629391,2.09185932869508,0.491465350409404,1.63718745469366,0.0074985562250263,7.353668867458,53.2,7.09333333333333,180.0,53.7313432835821,0.0,144.8,0.9609,2.63348691057652,1.40846939169775,0.701223891288369,0.139687407428516,0.571273869493348,    Evergreen Needleleaf Forest,0.165959065836095,1.77437028683157,3.6535537303217,2.79784791238877,-1.23057444747983,0.262478357358648,0.765788084398152,26.65,1.88339222614841,djf,277.05,10.2421441774492,jja
08189500,0.7982276769284167,0.7219210920469664,41.203431372549,1.50000001490116,0.42175252603324,1.78508771824957,0.583064410505924,49.9478657930558,19.6945742604446,27.9247267880456,0.0,0.0,2.40676225916766,12,"Mission Rv at Refugio, TX",28.29195,-97.27916,67.31,4.02675,1808.29,1816.51,Unconsolidated sediments,0.985153092547404,Siliciclastic sedimentary rocks,0.0147662828003682,0.0,0.2195,-13.0338,0.213181688665873,0.0897844905328407,0.307713602435961,0.17342874834804,2.28420538215411,0.000635899389151,0.503037006141184,33.0,5.54621848739496,259.4,38.1470588235294,0.0023271731690622,174.35,0.1046,1.46356894052575,1.00323717014187,0.564346281122583,0.236393554177075,0.386727846065434,    Closed Shrublands,0.177151920572622,2.05874660350245,2.37437097878166,4.73685297741273,0.240103706803132,0.0016287321026845,1.99499278745536,23.3,1.45171339563863,jja,292.9,8.25070422535211,mam
06885500,0.7256844960172686,0.7612343011510136,34.3333333333333,1.48088387728722,0.461038365973944,0.608027424897499,0.694977414248829,20.021726976953,38.0325605299571,41.9750857264434,0.0,0.0,0.0,10,"BLACK VERMILLION R NR FRANKFORT, KS",39.68192,-96.44289,394.81,8.30284,1062.87,1075.14,Unconsolidated sediments,0.893184205303306,Mixed sedimentary rocks,0.0556634606464892,0.0511523340502047,0.2062,-13.0409,0.440636199751178,0.180176985913307,0.554054405990811,0.266185036877748,3.29211307922184,0.0080565021210691,1.59472704842192,35.25,3.35714285714286,206.2,18.5765765765766,0.0,218.9,0.0076,1.50947202812709,1.29428756840972,0.604439141054782,0.411876672587273,0.964552266825597,    Croplands,0.177873136009521,1.49999999999981,2.4455742642026,2.86678918548939,0.664971956084693,0.0842987262187572,1.17223558795673,24.95,1.2200488997555,jja,285.3,6.10920770877944,djf
11528700,0.7839950119309811,0.7551471547643587,1.03259452411995,0.857008208712057,0.429199595946295,1.83085005751472,0.355624692924327,47.7096783254747,32.4660187841343,18.7739332007155,0.0,0.0,1.1917763932262,18,SF TRINITY R BL HYAMPOM CA,40.64986,-123.4942,1019.07,107.62195,1980.08,1982.54,Siliciclastic sedimentary rocks,0.711542901274395,Metamorphics,0.142396471407674,0.0,0.0993,-15.5936,1.58569202707284,0.427862084294797,1.79436580997997,0.551096329656216,1.88682386617926,0.0420102059253461,6.27434781437962,36.65,8.32954545454546,161.15,53.7166666666667,0.0,147.0,0.9905,3.42524494871016,1.66872963867004,0.81336258475843,0.127174131416846,0.964375762613601,    Evergreen Needleleaf Forest,0.16964375762612,1.79643757626119,3.70608213552361,3.58440767967146,-1.15290179155976,0.271305322327506,0.967168980232284,23.95,1.57565789473684,djf,264.95,8.67266775777414,jja
02361000,0.6821066623251295,0.596987004246559,3.89028850060951,1.50000001490116,0.408211546340427,2.97038735009324,0.613367056800085,63.3599875242765,18.1909773064956,18.4250577705399,0.0,0.0,0.0,3,"CHOCTAWHATCHEE RIVER NEAR NEWTON, AL.",31.34295,-85.61049,117.14,8.27039,1781.61,1779.3,Unconsolidated sediments,0.724140833697359,Siliciclastic sedimentary rocks,0.219605919884016,0.0,0.1628,-14.2703,1.21411733550703,0.306746922229369,1.52178871389443,0.567095276929963,1.51880733454504,0.141718219083097,3.47154707211306,5.35,2.54761904761905,55.3,12.7126436781609,0.0,164.35,0.4408,2.9741130556848,2.13347315135066,0.718239356657395,0.272116451075977,0.847737575918424,    Woody Savannas,0.164080293756297,1.68285524014372,3.9580424366872,3.29058316221766,-0.0359430925396891,0.0015124422847458,0.831366316772442,21.4,1.22285714285714,djf,262.95,5.03735632183908,son
04045500,0.8013788402501715,0.8361749872815207,38.2546323968918,1.49451885499169,0.591014023314512,6.22562039282415,0.87126566685175,43.9913199800534,5.52414566788832,3.45528228152203,0.0,39.3727061542079,7.60535494637575,4,"TAHQUAMENON RIVER NEAR PARADISE, MI",46.57502,-85.26955,236.77,6.40846,1909.59,1967.44,Carbonate sedimentary rocks,0.69362956443155,Siliciclastic sedimentary rocks,0.253162856822983,0.69362956443155,0.0797,-13.215,1.08090876087099,0.421554849547542,1.2738058536617,0.641211600939063,0.874036150803111,0.288271041296027,3.47975176960002,2.0,8.0,3.2,10.6666666666667,0.0,191.7,0.982,4.70317769889167,3.91809303027979,0.867085121106002,0.41417489354279,0.965990117977217,    Mixed Forests,0.247740656456637,2.37545851609202,2.56409993155373,2.79321760438056,0.143003212563258,0.300079815277018,1.08935598414372,15.95,1.17279411764706,son,214.05,3.64340425531915,mam
05362000,0.6296047984476467,0.6921862020241116,40.574612017509,1.50000001490116,0.450591355157054,1.83132537871902,0.637769334407012,42.3802087725853,41.0229856263138,10.3164057712506,0.0,3.12604330978964,3.09093633611864,7,"JUMP RIVER AT SHELDON, WI",45.30803,-90.95652,434.01,5.6153,1477.29,1494.31,Metamorphics,0.586033909882225,Basic volcanic rocks,0.280269298851978,0.0,0.0336,-13.6393,0.826512697966002,0.350440439835209,1.12938586155825,0.417671460527979,1.25549650509075,0.0745255837037386,3.39505436872587,25.35,5.3936170212766,100.25,16.5702479338843,0.0,201.75,0.9909,4.70499951859757,4.25412218425661,0.876083652593215,0.564946607106424,0.612158854344129,    Deciduous Broadleaf Forest,0.192488009236505,1.88793340751156,2.35849691991786,2.08166539356605,0.623901120098162,0.174430982504896,0.882623749043753,22.85,1.28732394366197,jja,254.85,4.33787234042553,djf
06037500,0.6163934185425248,0.47070156530255325,2.38110403397028,1.07888130192213,0.42206978395961,2.51446493618734,0.435956249868439,54.7484698280242,31.2911614378374,14.0199699583633,0.0,0.0,0.0,10,Madison River near West Yellowstone MT,44.65687,-111.06827,2412.29,37.64619,1126.25,1127.58,Acid volcanic rocks,0.846379263831752,Unconsolidated sediments,0.148046386579409,0.0002329335776292,0.154,-12.7442,1.11114457115972,0.461855984495862,0.568735779628705,0.881090706444813,0.806472316809458,0.764656685490058,2.11540534184721,0.0,0.0,0.0,0.0,0.0,211.3,0.8534,1.41387036725218,0.863027740983509,0.528578176479727,0.175220757301292,0.614774316938981,    Grasslands,0.138674322375441,1.60973844510021,2.40582477754962,2.60378079397673,-0.405931800714633,0.648344907835478,1.08228197592541,14.1,1.34928229665072,djf,223.3,5.26650943396226,jja
02350900,0.7803298845840805,0.8148035323622813,1.19663512092534,1.50000001490116,0.406461771336503,2.99152907080936,0.599086313820444,64.5419197352978,16.854671998034,18.6181152415492,0.0,0.0,0.0,3,"KINCHAFOONEE CREEK NEAR DAWSON, GA",31.76444,-84.25333,139.77,6.74759,1365.12,1365.59,Unconsolidated sediments,0.911789317394303,Siliciclastic sedimentary rocks,0.0767788755171916,0.0101653321950688,0.2325,-12.5837,0.950617190324144,0.261458767195446,1.66821126327669,0.62268334387136,1.91189886081762,0.134773852134077,2.81376260439494,3.15,3.0,43.35,11.7162162162162,0.0,162.3,0.3941,3.23322682360858,2.26498910054355,0.728975208853944,0.258408938930943,0.786239605875217,    Woody Savannas,0.167882772858914,1.71075025660348,3.63582067077344,3.15648425735797,-0.050833314877925,0.001767717746493,0.868162800968536,22.1,1.23809523809524,djf,269.05,5.29105211406096,son
